,CANT,PRECIO_UNITARIO,COSTO_UNITARIO,COSTO_UNITARIO_CALCULADO,SUBTOTAL_PARTIDA,COSTO_TOTAL_CALCULADO,MARGEN_UNITARIO_CALCULADO,MARGEN_TOTAL_CALCULADO
0,1.0,434.48,52.8,52.8,434.48,52.8,381.68,381.68
1,1.0,1264.05,327.18,327.18,1264.05,327.18,936.87,936.87
2,7.0,551.61,177.68,177.68,3861.29,1243.73,373.94,2617.56
3,1.0,140.0,38.96,38.96,140.0,38.96,101.04,101.04
4,2.0,172.41,101.71,101.71,344.83,203.42,70.71,141.41
5,2.0,237.07,49.41,49.41,474.14,98.82,187.66,375.32
6,1.0,1188.0,191.8,5323.76,14000.0,5323.76,8676.24,8676.24
7,3.0,94.5,38.96,38.96,283.5,116.88,55.54,166.62
8,1.0,1615.0,517.89,517.89,1615.0,517.89,1097.11,1097.11
9,1.0,1615.0,517.89,517.89,1615.0,517.89,1097.11,1097.11
10,1.0,1615.0,517.89,517.89,1615.0,517.89,1097.11,1097.11
11,1.0,1615.0,0.0,586.32,1615.0,586.32,1028.68,1028.68
12,1.0,1615.0,0.0,586.32,1615.0,586.32,1028.68,1028.68
13,1.0,1485.25,0.0,86.22,1485.25,86.22,1399.03,1399.03
14,1.0,2095.25,0.0,742.05,2095.25,742.05,1353.2,1353.2
15,5.0,192.5,51.73,149.6,481.25,397.08,42.9,84.17
16,2.0,771.28,124.0,124.0,1542.56,248.0,647.28,1294.56
17,3.0,125.0,0.0,141.9,375.0,425.69,-16.9,-50.69
18,5.0,821.3,0.0,78.7,4106.5,393.48,742.6,3713.02
19,7.0,821.3,0.0,75.77,5749.1,530.41,745.53,5218.69
20,3.0,496.35,27.43,27.43,1489.05,82.29,468.92,1406.76
21,3.0,938.53,147.76,147.76,2815.59,443.27,790.77,2372.32
22,1.0,718.52,259.35,259.35,718.52,259.35,459.17,459.17
23,1.0,898.25,332.65,332.65,898.25,332.65,565.6,565.6
24,2.0,1500.0,0.36,0.36,3000.0,0.72,1499.64,2999.28
25,3.0,1848.0,1081.89,1081.89,5544.0,3245.66,766.11,2298.34
26,5.0,485.0,124.0,124.0,2425.0,620.0,361.0,1805.0
27,6.0,375.0,44.14,44.14,2250.0,264.83,330.86,1985.17
28,2.0,2005.46,489.39,489.39,4010.92,978.77,1516.07,3032.15
29,3.5,1299.32,305.44,305.44,3911.1,9163.18,993.88,3089.3
30,6.0,856.04,295.24,295.24,5136.22,1771.42,560.8,3364.8
31,3.5,1299.32,305.44,305.44,3911.1,9163.18,993.88,3089.3
32,1.0,601.23,178.6,178.6,601.23,178.6,422.63,422.63
33,10.0,150.5,68.95,68.95,1505.0,689.45,81.56,815.55
34,10.0,215.96,78.32,78.32,2159.6,783.24,137.64,1376.36
35,1.0,382.1,5.76,5.76,382.1,5.76,376.34,376.34
36,1.0,485.23,45.01,45.01,485.23,45.01,440.22,440.22
37,1.0,945.0,289.05,289.05,945.0,289.05,655.95,655.95
38,3.5,259.6,64.85,64.85,10384.0,2594.17,194.75,7789.83
39,1.0,938.53,0.0,161.73,938.53,161.73,776.8,776.8
40,3.0,1188.0,0.0,1509.14,3911.1,4527.42,11210.86,3089.3
41,9.0,619.21,101.71,101.71,5572.89,915.42,517.5,4657.47
42,10.0,505.08,0.0,81.91,5050.8,819.14,423.17,4231.66
43,8.0,1328.0,0.0,497.54,10624.0,3980.31,830.46,6643.69
44,2.0,599.05,0.0,98.76,1198.1,197.51,500.3,1000.59
45,1.0,803.0,140.29,140.29,803.0,140.29,662.71,662.71
46,2.0,785.25,181.88,181.88,1570.5,363.75,603.38,1206.75
47,2.0,615.85,249.89,249.89,1231.7,499.77,365.96,731.93
48,4.0,385.2,48.56,48.56,1540.8,194.24,336.64,1346.56
49,1.0,2150.0,0.0,195.26,2150.0,195.26,1954.74,1954.74
50,5.0,531.0,85.29,85.29,2655.0,426.47,445.71,2228.53
51,1.0,385.0,220.0,220.0,385.0,220.0,165.0,165.0
52,1.0,500.0,211.36,211.36,500.0,211.36,288.64,288.64
53,2.0,835.5,242.48,242.48,1671.0,484.95,593.02,1186.05
54,2.0,895.5,235.56,235.56,1791.0,471.13,659.94,1319.87
55,1.0,1264.25,0.0,319.8,1264.25,319.8,944.45,944.45
56,1.0,1264.25,0.0,313.8,1264.25,313.8,950.45,950.45
57,4.0,605.0,44.7,44.7,2420.0,178.8,560.3,2241.2
58,1.0,337.7,4.02,4.02,337.7,4.02,333.68,333.68
59,2.0,558.14,69.23,69.23,1116.28,138.46,488.91,977.82
60,2.0,558.14,69.23,69.23,1116.28,138.46,488.91,977.82
61,3.0,1412.0,556.14,556.14,4236.0,1668.42,855.86,2567.58
62,3.0,1188.0,447.68,447.68,3564.0,1343.05,740.32,2220.95
63,6.0,663.0,95.82,95.82,3978.0,574.91,567.18,3403.09
64,2.0,495.8,158.4,158.4,991.6,316.8,337.4,674.8
65,8.0,2177.5,272.65,272.65,17420.0,2181.22,1904.85,15238.78
66,2.0,505.23,161.63,161.63,1010.46,323.25,343.6,687.21
67,4.0,985.1,105.68,105.68,3940.4,422.72,879.42,3517.68
68,4.0,2644.28,0.0,795.74,10577.12,3182.95,1848.54,7394.17
69,2.0,522.0,51.38,51.38,1044.0,102.76,470.62,941.24
70,1.0,255.01,291.72,291.72,255.01,291.72,-36.71,-36.71
71,10.0,551.25,0.0,240.87,5512.5,2408.67,310.38,3103.83
72,1.0,364.55,52.48,52.48,364.55,52.48,312.07,312.07
73,1.0,662.0,139.82,139.82,662.0,139.82,522.18,522.18
74,3.5,1475.3,275.5,275.5,3911.1,8264.95,1199.8,3089.3
75,3.0,999.91,200.3,200.3,2999.72,600.9,799.61,2398.82
76,10.0,1450.0,372.67,372.67,14500.0,3726.73,1077.33,10773.27
77,6.0,1450.0,360.5,360.5,8700.0,2162.98,1089.5,6537.02
78,6.0,1450.0,337.97,337.97,8700.0,2027.79,1112.03,6672.21
79,8.0,415.0,113.47,113.47,3320.0,907.73,301.53,2412.27
80,10.0,272.0,77.13,77.13,2720.0,771.29,194.87,1948.71
81,2.0,1025.87,0.0,115.58,2051.74,231.15,910.29,1820.59
82,2.0,1587.25,0.0,165.19,3174.5,330.39,1422.06,2844.11
83,2.0,2985.36,0.0,385.71,5970.72,771.42,2599.65,5199.3
84,1.0,566.64,85.89,85.89,566.64,85.89,480.75,480.75
85,12.0,431.5,95.96,95.96,5178.0,1151.56,335.54,4026.44
86,12.0,528.3,131.65,131.65,6339.6,1579.75,396.65,4759.85
87,1.0,1880.28,0.0,292.75,1880.28,292.75,1587.53,1587.53
88,20.0,150.0,71.25,71.25,3000.0,1425.02,78.75,1574.98
89,1.0,98.0,38.96,38.96,98.0,38.96,59.04,59.04
90,3.0,830.25,363.33,363.33,2490.75,1090.0,466.92,1400.75
91,1.0,473.28,27.08,27.08,473.28,27.08,446.2,446.2
92,1.0,1659.6,436.54,436.54,1659.6,436.54,1223.06,1223.06
93,1.0,107.76,38.96,38.96,107.76,38.96,68.8,68.8
94,1.0,499.0,113.22,113.22,499.0,113.22,385.78,385.78
95,3.0,900.0,0.0,247.52,2700.0,742.57,652.48,1957.43
96,3.0,1189.0,0.0,160.03,3567.0,480.08,1028.97,3086.92
97,3.0,1435.0,0.0,369.59,4305.0,1108.78,1065.41,3196.22
98,2.0,495.0,0.0,67.42,990.0,134.84,427.58,855.16
99,1.0,125.0,71.25,71.25,125.0,71.25,53.75,53.75
100,1.0,175.0,75.89,75.89,175.0,75.89,99.11,99.11
101,2.0,2625.5,0.0,1214.3,5251.0,2428.6,1411.2,2822.4
102,2.0,2464.2,1041.08,1041.08,4928.4,2082.15,1423.12,2846.25
103,2.0,2068.5,1298.68,1298.68,4137.0,2597.36,769.82,1539.64
104,1.0,925.6,0.0,387.87,925.6,387.87,537.73,537.73
105,1.0,1517.63,435.3,435.3,1517.63,435.3,1082.33,1082.33
106,4.0,498.85,0.0,24.38,1995.4,97.52,474.47,1897.88
107,1.0,2629.5,167.3,167.3,2629.5,167.3,2462.2,2462.2
108,1.0,535.09,104.4,104.4,535.09,104.4,430.69,430.69
109,2.0,1195.84,0.0,336.57,2391.69,673.13,859.28,1718.56
110,1.0,1572.45,0.0,647.84,1572.45,647.84,924.61,924.61
111,4.0,2375.5,0.0,436.05,9502.0,1744.19,1939.45,7757.81
112,2.0,2080.85,0.0,449.35,4161.7,898.7,1631.5,3263.0
113,1.0,2118.0,0.0,406.61,2118.0,406.61,1711.39,1711.39
114,1.0,1250.0,281.94,281.94,1250.0,281.94,968.06,968.06
115,4.0,617.0,0.0,67.22,2468.0,268.86,549.79,2199.14
116,2.0,510.0,0.0,37.76,1020.0,75.53,472.24,944.47
117,1.0,197.5,13.38,13.38,197.5,13.38,184.12,184.12
118,1.0,1000.0,0.0,226.23,1000.0,226.23,773.77,773.77
119,4.0,425.2,0.0,130.2,1700.8,520.79,295.0,1180.01
120,2.0,485.5,0.0,137.08,971.0,274.16,348.42,696.84
121,1.0,385.0,220.0,220.0,385.0,220.0,165.0,165.0
122,2.0,3892.24,492.92,492.92,3892.24,492.92,3399.32,3399.32
123,1.0,197.5,13.38,13.38,197.5,13.38,184.12,184.12
124,1.0,871.5,174.76,174.76,871.5,174.76,696.74,696.74
125,3.0,375.29,0.0,106.0,1125.87,318.0,269.29,807.87
126,2.0,1100.0,246.94,246.94,2200.0,493.89,853.06,1706.11
127,1.0,565.4,90.18,90.18,565.4,90.18,475.22,475.22
128,4.0,351.64,156.83,156.83,1406.56,627.33,194.81,779.23
129,4.0,988.25,0.0,146.88,3953.0,587.54,841.37,3365.46
130,4.0,828.69,0.0,186.95,3314.76,747.79,641.74,2566.97
131,4.0,657.58,0.0,99.32,2630.32,397.28,558.26,2233.04
132,1.0,1125.0,130.78,130.78,1125.0,130.78,994.22,994.22
133,1.0,1125.0,134.36,134.36,1125.0,134.36,990.64,990.64
134,15.0,913.4,189.47,189.47,13701.02,2842.01,723.93,10859.02
135,1.0,462.0,220.0,220.0,462.0,220.0,242.0,242.0
136,1.0,2665.3,395.14,395.14,2665.3,395.14,2270.16,2270.16
137,1.0,1579.6,141.65,141.65,1579.6,141.65,1437.95,1437.95
138,12.0,1800.18,526.27,526.27,21602.16,6315.25,1273.91,15286.91
139,4.0,533.6,0.0,150.79,2134.4,603.18,382.81,1531.22
140,10.0,720.0,96.78,96.78,7200.0,967.82,623.22,6232.18
141,3.0,1877.65,533.27,533.27,5632.95,1599.82,1344.38,4033.13
142,7.0,972.0,319.99,319.99,6804.0,2239.95,652.01,4564.05
143,2.0,1899.18,0.0,164.55,3798.36,329.11,1734.63,3469.25
144,2.0,1022.5,168.4,168.4,2045.0,336.79,854.1,1708.21
145,3.0,3859.99,0.0,418.59,11579.97,1255.77,3441.4,10324.2
146,1.0,1054.0,0.0,665.36,1054.0,665.36,388.64,388.64
147,4.0,2399.01,0.0,569.1,9596.04,2276.4,1829.91,7319.64
148,3.0,1143.25,78.83,78.83,3429.75,236.48,1064.42,3193.27
149,3.0,568.65,0.0,83.5,1705.95,250.49,485.15,1455.46
150,3.0,3053.25,0.0,791.1,9159.75,2373.3,2262.15,6786.45
151,3.0,705.5,0.0,143.89,2116.5,431.66,561.61,1684.84
152,2.0,813.1,222.0,222.0,1626.21,444.0,591.1,1182.21
153,2.0,357.85,113.59,113.59,715.7,227.19,244.26,488.51
154,10.0,866.7,153.97,153.97,8667.0,1539.68,712.73,7127.32
155,6.0,514.25,112.64,112.64,3085.5,675.84,401.61,2409.66
156,1.0,307.5,87.1,87.1,307.5,87.1,220.4,220.4
157,2.0,1046.11,0.0,297.59,2092.22,595.19,748.52,1497.03
158,3.0,300.0,0.0,111.63,900.0,334.89,188.37,565.11
159,3.0,1991.0,182.75,182.75,5973.0,548.24,1808.25,5424.76
160,4.0,759.17,0.0,106.18,3036.68,424.72,652.99,2611.96
161,4.0,788.05,0.0,150.48,3152.2,601.92,637.57,2550.28
162,2.0,420.0,36.92,36.92,840.0,73.84,383.08,766.16
163,1.0,945.0,299.62,299.62,945.0,299.62,645.38,645.38
164,3.0,345.0,31.72,31.72,1035.0,95.16,313.28,939.84
165,2.0,994.64,155.39,155.39,1989.28,310.77,839.25,1678.51
166,2.0,738.4,145.21,145.21,1476.8,290.42,593.19,1186.38
167,1.0,1452.18,150.74,150.74,1452.18,150.74,1301.44,1301.44
168,6.0,197.5,17.39,17.39,1185.0,104.34,180.11,1080.66
169,1.0,336.93,106.55,106.55,336.93,106.55,230.38,230.38
170,6.0,568.26,0.0,89.85,3409.56,539.13,478.41,2870.43
171,1.0,2259.43,0.0,143.11,2259.43,143.11,2116.32,2116.32
172,2.0,447.42,0.0,42.86,894.84,85.71,404.56,809.13
173,1.0,2174.6,0.0,337.19,2174.6,337.19,1837.41,1837.41
174,1.0,919.0,0.0,226.23,919.0,226.23,692.77,692.77
175,2.0,145.0,51.36,51.36,290.0,102.71,93.64,187.29
176,8.0,375.0,98.64,98.64,3000.0,789.1,276.36,2210.9
177,2.0,2625.5,1214.3,1214.3,5251.0,2428.6,1411.2,2822.4
178,8.0,594.83,0.0,325.78,4758.64,2606.27,269.05,2152.37
179,2.0,2278.45,431.83,431.83,4556.9,863.66,1846.62,3693.24
180,1.0,408.87,124.0,124.0,408.87,124.0,284.87,284.87
181,1.0,1136.53,175.18,175.18,1136.53,175.18,961.35,961.35
182,1.0,862.07,12.4,12.4,862.07,12.4,849.67,849.67
183,3.0,2525.0,0.0,1782.0,7575.0,5346.0,743.0,2229.0
184,2.0,337.7,36.53,36.53,675.4,73.06,301.17,602.34
185,11.0,1499.3,672.74,672.74,16492.26,7400.14,826.56,9092.12
186,6.0,2349.48,1190.42,1190.42,14096.87,7142.54,1159.06,6954.33
187,4.0,510.0,0.0,70.04,2040.0,280.17,439.96,1759.83
188,2.0,813.05,0.0,189.75,1626.1,379.5,623.3,1246.6
189,2.0,1048.0,0.0,346.74,2096.0,693.49,701.26,1402.51
190,2.0,525.0,112.61,112.61,1050.0,225.21,412.39,824.79
191,3.0,8500.0,0.0,3061.83,12750.0,4592.74,5438.17,8157.26
192,2.0,119.83,38.96,38.96,239.66,77.92,80.87,161.74
193,1.0,813.0,227.18,227.18,813.0,227.18,585.82,585.82
194,1.0,2068.5,0.0,773.91,2068.5,773.91,1294.59,1294.59
195,6.0,1518.0,304.25,304.25,9108.0,1825.52,1213.75,7282.48
196,5.0,597.06,173.0,173.0,2985.3,865.0,424.06,2120.3
197,1.0,683.25,29.9,29.9,683.25,29.9,653.35,653.35
198,1.0,813.1,222.0,222.0,813.1,222.0,591.1,591.1
199,18.0,690.81,0.0,52.74,12434.58,949.4,638.07,11485.18
200,2.0,1520.0,378.69,378.69,3040.0,757.39,1141.31,2282.61
201,1.0,385.0,220.0,220.0,385.0,220.0,165.0,165.0
202,1.0,435.0,0.0,253.0,435.0,253.0,182.0,182.0
203,1.0,206.9,0.0,98.63,206.9,98.63,108.27,108.27
204,3.5,1450.0,0.0,254.34,3911.1,9156.17,1195.66,3089.3
205,2.0,780.25,37.66,37.66,1560.5,75.32,742.59,1485.18
206,2.0,799.12,44.54,44.54,1598.24,89.08,754.58,1509.16
207,2.0,821.89,48.09,48.09,1643.78,96.18,773.8,1547.6
208,2.0,839.43,51.09,51.09,1678.86,102.18,788.34,1576.68
209,2.0,901.12,141.49,141.49,1802.24,282.98,759.63,1519.26
210,2.0,992.0,201.21,201.21,1984.0,402.41,790.79,1581.59
211,2.0,1109.22,188.85,188.85,2218.44,377.7,920.37,1840.74
212,2.0,1112.0,297.2,297.2,2224.0,594.4,814.8,1629.6
213,7.0,725.1,30.17,30.17,5075.7,211.19,694.93,4864.51
214,2.0,387.45,54.82,54.82,774.9,109.64,332.63,665.26
215,2.0,1674.0,0.0,187.31,3348.0,374.62,1486.69,2973.38
216,2.0,960.0,0.0,366.42,1920.0,732.84,593.58,1187.16
217,2.0,689.92,112.8,112.8,1379.84,225.59,577.12,1154.25
218,2.0,689.92,112.8,112.8,1379.84,225.59,577.12,1154.25
219,1.0,813.0,0.0,227.18,813.0,227.18,585.82,585.82
220,3.0,3200.0,0.0,427.12,9600.0,1281.35,2772.88,8318.65
221,6.0,3105.0,0.0,369.07,18630.0,2214.39,2735.93,16415.61
222,10.0,355.0,101.99,101.99,3550.0,1019.92,253.01,2530.08
223,2.0,2218.27,0.0,1204.71,4436.54,2409.43,1013.56,2027.11
224,1.0,650.32,0.0,74.08,650.32,74.08,576.24,576.24
225,1.0,1615.0,1179.22,1179.22,1615.0,1179.22,435.78,435.78
226,1.0,1615.0,1179.22,1179.22,1615.0,1179.22,435.78,435.78
227,1.0,1615.0,1179.22,1179.22,1615.0,1179.22,435.78,435.78
228,1.0,1615.0,1179.22,1179.22,1615.0,1179.22,435.78,435.78
229,1.0,1615.0,1179.22,1179.22,1615.0,1179.22,435.78,435.78
230,2.0,598.0,338.28,338.28,1196.0,676.56,259.72,519.44
231,2.0,445.0,160.14,160.14,890.0,320.27,284.86,569.73
232,2.0,303.45,106.55,106.55,606.9,213.1,196.9,393.8
233,2.0,369.25,137.48,137.48,738.5,274.96,231.77,463.54
234,5.0,355.0,119.05,119.05,1775.0,595.24,235.95,1179.76
235,4.0,681.75,0.0,125.12,2727.0,500.47,556.63,2226.53
236,10.0,407.0,127.62,127.62,4070.0,1276.19,279.38,2793.81
237,8.0,488.0,120.29,120.29,3904.0,962.29,367.71,2941.71
238,7.0,543.0,113.69,113.69,3801.0,795.85,429.31,3005.15
239,8.0,509.0,161.1,161.1,4072.0,1288.78,347.9,2783.22
240,3.0,1365.0,131.71,131.71,4095.0,395.14,1233.29,3699.86
241,4.0,1015.0,0.0,459.8,4060.0,1839.19,555.2,2220.81
242,4.0,562.32,88.95,88.95,2249.28,355.8,473.37,1893.48
243,1.0,1125.0,191.8,7342.41,1125.0,7342.41,-6217.41,-6217.41
244,2.0,1485.0,0.0,440.7,2970.0,881.41,1044.3,2088.59
245,3.5,1475.3,339.43,339.43,3911.1,10182.84,1135.87,3089.3
246,4.0,625.2,29.29,29.29,2500.8,117.15,595.91,2383.65
247,2.0,565.4,90.42,90.42,1130.8,180.83,474.98,949.97
248,2.0,498.77,0.0,69.55,997.54,139.11,429.22,858.43
249,1.0,2508.7,0.0,470.09,2508.7,470.09,2038.61,2038.61
250,2.0,1028.35,0.0,373.69,2056.7,747.38,654.66,1309.32
251,1.0,1265.2,0.0,559.98,1265.2,559.98,705.22,705.22
252,3.0,799.1,0.0,178.49,2397.3,535.46,620.61,1861.84
253,1.0,1156.5,0.0,139.69,1156.5,139.69,1016.81,1016.81
254,3.0,992.25,173.44,173.44,2976.75,520.33,818.81,2456.42
255,3.0,358.7,0.0,48.23,1076.1,144.69,310.47,931.41
256,1.0,1498.16,0.0,208.27,1498.16,208.27,1289.89,1289.89
257,1.0,1599.5,0.0,688.35,1599.5,688.35,911.15,911.15
258,1.0,1455.25,0.0,375.4,1455.25,375.4,1079.85,1079.85
259,1.0,1398.79,0.0,415.77,1398.79,415.77,983.02,983.02
260,2.0,1472.0,0.0,601.65,2944.0,1203.29,870.35,1740.71
261,3.0,398.85,236.98,236.98,1196.55,710.93,161.87,485.62
262,3.0,1229.88,0.0,449.84,3689.64,1349.52,780.04,2340.12
263,2.0,1020.0,0.0,87.59,2040.0,175.18,932.41,1864.82
264,4.0,625.2,0.0,43.81,2500.8,175.24,581.39,2325.56
265,4.0,468.97,33.9,33.9,1875.86,135.61,435.06,1740.25
266,1.0,2524.5,688.31,688.31,2524.5,688.31,1836.19,1836.19
267,4.0,1030.0,236.68,236.68,4120.0,946.71,793.32,3173.29
268,4.0,1094.6,210.46,210.46,4378.4,841.84,884.14,3536.56
269,2.0,2625.5,1214.3,1214.3,5251.0,2428.6,1411.2,2822.4
270,6.0,3890.0,918.12,918.12,23340.0,5508.73,2971.88,17831.27
271,6.0,3890.0,0.0,1133.81,23340.0,6802.89,2756.19,16537.11
272,1.0,462.0,220.0,220.0,462.0,220.0,242.0,242.0
273,1.0,4315.0,0.0,41.26,4315.0,41.26,4273.74,4273.74
274,3.0,992.25,173.44,173.44,2976.75,520.33,818.81,2456.42
275,2.0,519.0,78.24,78.24,1038.0,156.48,440.76,881.52
276,1.0,512.36,211.36,211.36,512.36,211.36,301.0,301.0
277,1.0,382.76,137.48,137.48,382.76,137.48,245.28,245.28
278,1.0,560.04,0.0,134.94,560.04,134.94,425.1,425.1
279,15.0,913.4,235.81,235.81,13701.02,3537.11,677.59,10163.91
280,1.0,1255.2,370.94,370.94,1255.2,370.94,884.26,884.26
281,2.0,337.7,0.0,36.53,675.4,73.06,301.17,602.34
282,2.0,965.5,0.0,269.59,1931.0,539.17,695.91,1391.83
283,4.0,265.0,87.1,87.1,1060.0,348.39,177.9,711.61
284,1.0,2265.0,435.26,435.26,2265.0,435.26,1829.74,1829.74
285,4.0,574.0,67.47,67.47,2296.0,269.88,506.53,2026.12
286,5.0,1103.0,122.14,122.14,5515.0,610.68,980.86,4904.32
287,2.0,577.8,152.37,152.37,1155.6,304.73,425.43,850.87
288,9.0,1330.68,0.0,428.56,11976.12,3857.05,902.12,8119.07
289,1.0,800.0,216.65,216.65,800.0,216.65,583.35,583.35
290,4.0,2218.27,1246.35,1246.35,8873.08,4985.4,971.92,3887.68
291,1.0,470.0,143.8,143.8,470.0,143.8,326.2,326.2
292,10.0,594.83,326.23,326.23,5948.3,3262.29,268.6,2686.01
293,1.0,999.91,212.44,212.44,999.91,212.44,787.46,787.46
294,1.0,980.6,317.3,317.3,980.6,317.3,663.3,663.3
295,1.0,980.6,317.3,317.3,980.6,317.3,663.3,663.3
296,3.0,1405.25,269.6,269.6,4215.75,808.8,1135.65,3406.95
297,2.0,812.53,0.0,111.07,1625.06,222.14,701.46,1402.92
298,1.0,375.29,87.1,87.1,375.29,87.1,288.19,288.19
299,20.0,355.0,119.05,119.05,7100.0,2380.95,235.95,4719.05
300,5.0,1666.85,1666.85,1666.85,8334.25,8334.25,0.0,0.0
301,5.0,470.0,143.8,143.8,2350.0,719.0,326.2,1631.0
302,1.0,4650.5,2644.78,2644.78,4650.5,2644.78,2005.72,2005.72
303,6.0,1551.2,303.31,303.31,9307.2,1819.85,1247.89,7487.35
304,2.0,1548.0,673.14,673.14,3096.0,1346.28,874.86,1749.72
305,1.0,4508.2,0.0,1783.73,4508.2,1783.73,2724.47,2724.47
306,2.0,462.0,220.0,220.0,924.0,440.0,242.0,484.0
307,2.0,107.76,38.96,38.96,215.52,77.92,68.8,137.6
308,1.0,2377.0,417.45,417.45,2377.0,417.45,1959.55,1959.55
309,10.0,839.28,261.77,261.77,8392.8,2617.65,577.51,5775.15
310,15.0,1078.5,0.0,351.08,16177.5,5266.17,727.42,10911.33
311,1.0,385.0,220.0,220.0,385.0,220.0,165.0,165.0
312,4.0,2359.7,377.29,377.29,9438.8,1509.17,1982.41,7929.63
313,9.0,970.0,145.03,145.03,8730.0,1305.27,824.97,7424.73
314,1.0,999.91,212.44,212.44,999.91,212.44,787.46,787.46
315,2.0,1215.5,358.0,358.0,2431.0,716.01,857.5,1714.99
316,2.0,1910.0,97.81,195.77,1910.0,195.77,1714.24,1714.24
317,4.0,1520.25,525.52,525.52,6081.0,2102.1,994.73,3978.9
318,2.0,1350.0,248.65,248.65,2700.0,497.3,1101.35,2202.7
319,5.0,375.0,44.14,44.14,1875.0,220.69,330.86,1654.31
320,1.0,462.0,220.0,220.0,462.0,220.0,242.0,242.0
321,2.0,1410.6,281.63,281.63,2821.2,563.27,1128.97,2257.93
322,5.0,358.0,0.0,30.77,1790.0,153.86,327.23,1636.14
323,2.0,1608.0,541.44,541.44,3216.0,1082.88,1066.56,2133.12
324,6.0,448.6,0.0,70.12,2691.6,420.72,378.48,2270.88
325,1.0,710.0,112.11,112.11,710.0,112.11,597.89,597.89
326,20.0,647.1,0.0,244.02,12942.0,4880.41,403.08,8061.59
327,2.0,3053.25,761.07,761.07,6106.5,1522.13,2292.18,4584.37
328,4.0,337.0,106.55,106.55,1348.0,426.19,230.45,921.81
329,2.0,1953.26,626.37,626.37,3906.52,1252.74,1326.89,2653.78
330,2.0,498.0,143.8,143.8,996.0,287.6,354.2,708.4
331,1.0,2005.5,327.61,327.61,2005.5,327.61,1677.89,1677.89
332,1.0,568.97,0.0,60.56,568.97,60.56,508.41,508.41
333,2.0,850.0,174.73,174.73,1700.0,349.45,675.27,1350.55
334,6.0,932.5,300.96,300.96,5595.0,1805.76,631.54,3789.24
335,1.0,1615.0,1179.22,1179.22,1615.0,1179.22,435.78,435.78
336,1.0,1179.25,319.43,319.43,1179.25,319.43,859.82,859.82
337,1.0,1179.25,319.43,319.43,1179.25,319.43,859.82,859.82
338,1.0,1848.4,417.02,417.02,1848.4,417.02,1431.38,1431.38
339,1.0,1848.4,417.02,417.02,1848.4,417.02,1431.38,1431.38
340,4.0,497.2,66.08,66.08,1988.8,264.34,431.12,1724.46
341,1.0,999.91,212.44,212.44,999.91,212.44,787.46,787.46
342,2.0,659.48,98.65,98.65,1318.96,197.3,560.83,1121.66
343,6.0,375.0,64.98,64.98,2250.0,389.9,310.02,1860.1
344,2.0,94.5,38.96,38.96,189.0,77.92,55.54,111.08
345,2.0,153.0,51.36,51.36,306.0,102.71,101.64,203.29
346,2.0,98.0,38.96,38.96,196.0,77.92,59.04,118.08
347,1.0,1188.0,191.8,5211.65,14000.0,5211.65,8788.35,8788.35
348,1.0,732.0,222.0,222.0,732.0,222.0,510.0,510.0
349,2.0,999.91,200.3,200.3,1999.81,400.6,799.61,1599.22
350,10.0,265.08,87.1,87.1,2650.8,870.97,177.98,1779.83
351,5.0,2835.0,0.0,620.47,14175.0,3102.37,2214.53,11072.63
352,2.0,1247.5,0.0,376.35,2495.0,752.71,871.15,1742.29
353,1.0,850.2,519.02,519.02,850.2,519.02,331.18,331.18
354,1.0,485.3,0.0,89.76,485.3,89.76,395.54,395.54
355,1.0,570.3,0.0,72.34,570.3,72.34,497.96,497.96
356,4.0,3096.5,1282.76,1282.76,12386.0,5131.02,1813.74,7254.98
357,2.0,1784.0,116.97,116.97,3568.0,233.93,1667.03,3334.07
358,1.0,7903.2,0.0,2448.37,7903.2,2448.37,5454.83,5454.83
359,3.0,3349.0,0.0,1273.61,10047.0,3820.84,2075.39,6226.16
360,2.0,6900.0,0.0,3489.32,13800.0,6978.64,3410.68,6821.36
361,1.0,585.13,97.0,97.0,585.13,97.0,488.13,488.13
362,4.0,561.0,71.53,71.53,2244.0,286.12,489.47,1957.88
363,4.0,561.0,88.34,88.34,2244.0,353.34,472.66,1890.66
364,3.0,710.0,228.89,228.89,2130.0,686.66,481.11,1443.34
365,1.0,579.66,0.0,50.94,579.66,50.94,528.72,528.72
366,1.0,800.0,0.0,45.28,800.0,45.28,754.72,754.72
367,3.0,395.0,0.0,4.92,1185.0,14.76,390.08,1170.24
368,6.0,3040.48,1137.06,1137.06,18242.88,6822.37,1903.42,11420.51
369,10.0,2366.63,698.18,698.18,23666.3,6981.76,1668.45,16684.54
370,1.0,691.68,211.36,211.36,691.68,211.36,480.32,480.32
371,1.0,862.33,410.21,410.21,862.33,410.21,452.12,452.12
372,1.0,120.0,38.96,38.96,120.0,38.96,81.04,81.04
373,2.0,1188.0,0.0,1560.44,3911.1,3120.88,974.4,3089.3
374,3.5,150.0,0.0,88.63,3750.0,2215.69,61.37,1534.31
375,2.0,190.52,71.25,71.25,381.04,142.5,119.27,238.54
376,2.0,1850.0,0.0,710.34,3700.0,1420.68,1139.66,2279.32
377,1.0,636.21,102.22,102.22,636.21,102.22,533.99,533.99
378,3.0,918.0,0.0,502.32,2754.0,1506.97,415.68,1247.03
379,8.0,525.0,97.46,97.46,4200.0,779.66,427.54,3420.34
380,2.0,495.0,172.28,172.28,990.0,344.57,322.72,645.43
381,2.0,354.5,155.02,155.02,709.0,310.03,199.48,398.97
382,1.0,354.5,177.36,177.36,354.5,177.36,177.14,177.14
383,3.0,2198.58,216.46,216.46,6595.74,649.37,1982.12,5946.37
384,4.0,1260.48,213.66,213.66,5041.92,854.65,1046.82,4187.27
385,2.0,780.25,37.66,37.66,1560.5,75.32,742.59,1485.18
386,2.0,799.12,44.54,44.54,1598.24,89.08,754.58,1509.16
387,2.0,821.89,48.09,48.09,1643.78,96.18,773.8,1547.6
388,2.0,839.43,51.09,51.09,1678.86,102.18,788.34,1576.68
389,1.0,190.52,72.37,72.37,190.52,72.37,118.15,118.15
390,1.0,435.0,220.0,220.0,435.0,220.0,215.0,215.0
391,1.0,527.59,64.91,64.91,527.59,64.91,462.68,462.68
392,1.0,1205.0,258.43,258.43,1205.0,258.43,946.57,946.57
393,1.0,704.5,173.0,173.0,704.5,173.0,531.5,531.5
394,18.0,4150.0,0.0,714.2,3911.1,12855.68,3435.8,3089.3
395,2.0,778.17,391.24,391.24,1556.35,782.48,386.94,773.87
396,1.0,907.5,116.73,116.73,907.5,116.73,790.77,790.77
397,3.0,165.0,48.49,48.49,495.0,145.47,116.51,349.53
398,1.0,862.35,410.21,410.21,862.35,410.21,452.14,452.14
399,1.0,1551.72,316.4,316.4,1551.72,316.4,1235.32,1235.32
400,1.0,538.79,6.69,6.69,538.79,6.69,532.1,532.1
401,1.0,387.93,24.0,24.0,387.93,24.0,363.93,363.93
402,1.0,1020.0,258.21,258.21,1020.0,258.21,761.79,761.79
403,3.5,1299.32,340.8,340.8,3911.1,1210.5,958.52,3089.3
404,1.0,445.0,220.0,220.0,445.0,220.0,225.0,225.0
405,12.0,1513.0,0.0,447.47,18156.0,5369.65,1065.53,12786.35
406,12.0,500.5,0.0,26.95,6006.0,323.44,473.55,5682.56
407,1.0,1056.03,244.91,244.91,1056.03,244.91,811.12,811.12
408,6.0,562.5,88.95,88.95,3375.0,533.7,473.55,2841.3
409,6.0,646.6,91.21,91.21,3879.6,547.28,555.39,3332.32
410,3.5,1475.3,366.1,366.1,3911.1,9152.38,1109.2,27730.12
411,1.0,3053.25,736.48,736.48,3053.25,736.48,2316.77,2316.77
412,10.0,1475.3,356.75,356.75,14753.0,3567.53,1118.55,11185.47
413,3.0,3053.25,0.0,791.1,9159.75,2373.3,2262.15,6786.45
414,18.0,620.0,0.0,236.1,11160.0,4249.74,383.9,6910.26
415,2.0,1899.85,0.0,517.36,3799.7,1034.72,1382.49,2764.98
416,4.0,2458.45,0.0,305.38,9833.8,1221.53,2153.07,8612.27
417,1.0,4956.73,0.0,1306.63,4956.73,1306.63,3650.1,3650.1
418,3.0,657.5,88.74,88.74,1972.5,266.21,568.76,1706.29
419,1.0,1188.0,0.0,1516.24,20887.18,1516.24,974.4,19370.94
420,2.0,7137.0,2935.26,2935.26,14274.0,5870.53,4201.74,8403.47
421,1.0,435.72,137.48,137.48,435.72,137.48,298.24,298.24
422,1.0,120.09,42.79,42.79,120.09,42.79,77.3,77.3
423,1.0,633.6,112.24,112.24,633.6,112.24,521.36,521.36
424,1.0,564.71,111.07,111.07,564.71,111.07,453.64,453.64
425,1.0,633.6,112.24,112.24,633.6,112.24,521.36,521.36
426,1.0,498.65,59.54,59.54,498.65,59.54,439.11,439.11
427,1.0,616.0,110.37,110.37,616.0,110.37,505.63,505.63
428,1.0,598.0,110.37,110.37,598.0,110.37,487.63,487.63
429,1.0,862.0,90.16,90.16,862.0,90.16,771.84,771.84
430,3.0,705.5,106.52,106.52,2116.5,319.57,598.98,1796.93
431,4.0,705.5,0.0,158.37,2822.0,633.46,547.13,2188.54
432,1.0,2278.45,359.16,359.16,2278.45,359.16,1919.29,1919.29
433,4.0,2359.7,377.29,377.29,9438.8,1509.17,1982.41,7929.63
434,1.0,1105.6,0.0,165.15,1105.6,165.15,940.45,940.45
435,2.0,2400.0,360.32,360.32,4800.0,720.65,2039.68,4079.35
436,2.0,1500.0,0.36,0.36,3000.0,0.72,1499.64,2999.28
437,1.0,435.0,220.0,220.0,435.0,220.0,215.0,215.0
438,4.0,938.53,0.0,161.73,3754.12,646.92,776.8,3107.2
439,2.0,405.2,0.0,47.25,810.4,94.49,357.95,715.91
440,1.0,357.76,113.59,113.59,357.76,113.59,244.17,244.17
441,5.0,625.7,0.0,91.9,3128.5,459.5,533.8,2669.0
442,3.0,625.7,0.0,98.64,1877.1,295.92,527.06,1581.18
443,1.0,153.45,51.36,51.36,153.45,51.36,102.09,102.09
444,3.5,204.08,0.0,203.34,5101.91,5083.38,0.74,18.53
445,4.0,1853.25,0.0,1140.93,7413.0,4563.71,712.32,2849.29
446,5.0,599.0,0.0,251.51,2995.0,1257.53,347.49,1737.47
447,4.0,1100.0,0.0,183.83,4400.0,735.34,916.17,3664.66
448,2.0,1991.06,0.0,755.73,3982.12,1511.46,1235.33,2470.66
449,1.0,535.12,0.0,70.86,535.12,70.86,464.26,464.26
450,2.0,3929.11,0.0,1830.01,7858.22,3660.03,2099.1,4198.19
451,1.0,188.0,0.0,94.84,188.0,94.84,93.16,93.16
452,1.0,650.0,321.87,321.87,650.0,321.87,328.13,328.13
453,2.0,485.0,144.4,144.4,970.0,288.8,340.6,681.2
454,1.0,310.0,50.54,50.54,310.0,50.54,259.46,259.46
455,3.0,1063.83,0.0,409.87,3191.49,1229.62,653.96,1961.87
456,1.0,908.0,204.07,204.07,908.0,204.07,703.93,703.93
457,1.0,163.0,48.49,48.49,163.0,48.49,114.51,114.51
458,1.0,2325.0,0.0,722.38,2325.0,722.38,1602.62,1602.62
459,2.0,1350.0,248.65,248.65,2700.0,497.3,1101.35,2202.7
460,2.0,1005.0,0.0,387.87,2010.0,775.73,617.13,1234.27
461,1.0,1005.0,0.0,404.78,1005.0,404.78,600.22,600.22
462,1.0,2849.5,1125.85,1125.85,2849.5,1125.85,1723.65,1723.65
463,1.0,1265.09,432.3,432.3,1265.09,432.3,832.79,832.79
464,10.0,900.69,0.0,396.54,9006.9,3965.36,504.15,5041.55
465,1.0,527.0,48.21,48.21,527.0,48.21,478.79,478.79
466,9.0,1241.0,318.83,318.83,11169.0,2869.44,922.17,8299.56
467,1.0,1120.69,133.09,133.09,1120.69,133.09,987.6,987.6
468,6.0,780.0,160.64,160.64,4680.0,963.82,619.36,3716.18
469,1.0,867.03,0.0,403.47,867.03,403.47,463.56,463.56
470,1.0,940.0,0.0,148.76,940.0,148.76,791.24,791.24
471,1.0,940.0,0.0,148.76,940.0,148.76,791.24,791.24
472,3.5,164.14,0.0,111.17,4103.6,2779.23,52.97,1324.37
473,1.0,907.0,7.6,7.6,907.0,7.6,899.4,899.4
474,1.0,659.6,107.68,107.68,659.6,107.68,551.92,551.92
475,3.0,1572.45,0.0,647.84,4717.35,1943.52,924.61,2773.83
476,4.0,310.0,50.54,50.54,1240.0,202.16,259.46,1037.84
477,4.0,1615.0,493.68,493.68,6460.0,1974.74,1121.32,4485.26
478,1.0,760.25,0.0,123.23,760.25,123.23,637.02,637.02
479,1.0,1188.0,191.8,4045.07,23995.24,4045.07,974.4,19950.17
480,2.0,2625.5,1214.3,1214.3,5251.0,2428.6,1411.2,2822.4
481,2.0,145.0,0.0,67.57,290.0,135.14,77.43,154.86
482,1.0,1035.0,223.66,223.66,1035.0,223.66,811.34,811.34
483,2.0,612.0,183.93,183.93,1224.0,367.86,428.07,856.14
484,5.0,825.0,333.44,333.44,4125.0,1667.21,491.56,2457.79
485,2.0,1529.69,842.74,842.74,3059.38,1685.48,686.95,1373.9
486,6.0,703.45,217.64,217.64,4220.7,1305.87,485.81,2914.83
487,1.0,2750.0,797.54,797.54,2750.0,797.54,1952.46,1952.46
488,3.0,3349.0,1319.75,1319.75,10047.0,3959.26,2029.25,6087.74
489,1.0,110.0,42.79,42.79,110.0,42.79,67.21,67.21
490,3.0,435.97,67.31,67.31,1307.91,201.92,368.66,1105.99
491,2.0,491.03,67.21,67.21,982.06,134.42,423.82,847.64
492,2.0,180.0,86.23,86.23,360.0,172.46,93.77,187.54
493,1.0,163.0,48.49,48.49,163.0,48.49,114.51,114.51
494,1.0,676.72,0.0,213.87,676.72,213.87,462.85,462.85
495,1.0,1000.0,0.0,48.85,1000.0,48.85,951.15,951.15
496,3.0,1000.0,0.0,48.85,3000.0,146.54,951.15,2853.46
497,10.0,695.2,46.14,46.14,6952.0,461.36,649.06,6490.64
498,1.0,462.0,220.0,220.0,462.0,220.0,242.0,242.0
499,20.0,243.82,0.0,210.95,4876.39,4218.97,32.87,657.43
500,1.0,468.1,28.9,28.9,468.1,28.9,439.2,439.2
501,2.0,1395.35,671.48,671.48,2790.7,1342.97,723.87,1447.73
502,3.0,1037.1,249.07,249.07,3111.3,747.21,788.03,2364.1
503,18.0,4150.0,714.2,714.2,3911.1,12855.68,3435.8,3089.3
504,6.0,780.0,160.64,160.64,4680.0,963.82,619.36,3716.18
505,10.0,250.0,72.37,72.37,2500.0,723.67,177.63,1776.33
506,4.0,1274.14,199.22,199.22,5096.56,796.86,1074.92,4299.7
507,2.0,1529.69,842.74,842.74,3059.38,1685.48,686.95,1373.9
508,2.0,805.0,143.09,143.09,1610.0,286.18,661.91,1323.82
509,1.0,812.0,0.0,148.02,812.0,148.02,663.98,663.98
510,1.0,587.0,0.0,38.92,587.0,38.92,548.08,548.08
511,2.0,153.45,51.36,51.36,306.9,102.71,102.09,204.19
512,2.0,1572.45,517.64,517.64,3144.9,1035.28,1054.81,2109.62
513,1.0,7402.72,0.0,921.37,7402.72,921.37,6481.35,6481.35
514,2.0,7133.17,2935.26,2935.26,14266.34,5870.53,4197.91,8395.81
515,5.0,207.0,76.46,76.46,1035.0,382.32,130.54,652.68
516,1.0,622.0,36.0,36.0,622.0,36.0,586.0,586.0
517,1.0,1208.25,67.21,67.21,1208.25,67.21,1141.04,1141.04
518,3.0,2600.0,509.98,509.98,7800.0,1529.93,2090.02,6270.07
519,5.0,6300.0,694.6,694.6,3911.1,3472.99,5605.4,28027.01
520,2.0,985.0,0.0,242.78,1970.0,485.55,742.22,1484.45
521,1.0,3837.4,0.0,722.34,3837.4,722.34,3115.06,3115.06
522,5.0,978.6,0.0,518.59,4893.0,2592.94,460.01,2300.06
523,2.0,6900.0,191.8,3624.09,13800.0,7248.18,3275.91,6551.82
524,1.0,420.69,144.4,144.4,420.69,144.4,276.29,276.29
525,1.0,1756.0,841.63,841.63,1756.0,841.63,914.37,914.37
526,1.0,1697.71,0.0,567.27,1697.71,567.27,1130.44,1130.44
527,1.0,485.0,144.4,144.4,485.0,144.4,340.6,340.6
528,2.0,398.0,50.54,50.54,796.0,101.08,347.46,694.92
529,12.0,1022.0,0.0,333.2,12264.0,3998.41,688.8,8265.59
530,2.0,2497.0,504.53,504.53,4994.0,1009.05,1992.47,3984.95
531,7.0,976.0,0.0,374.14,6832.0,2619.0,601.86,4213.0
532,4.0,3053.25,852.37,852.37,12213.0,3409.48,2200.88,8803.52
533,3.5,1475.3,335.51,335.51,3911.1,11742.95,1139.79,3089.3
534,10.0,3053.25,0.0,791.1,30532.5,7911.01,2262.15,22621.49
535,1.0,3395.0,0.0,928.07,3395.0,928.07,2466.93,2466.93
536,10.0,488.62,0.0,61.88,4886.2,618.84,426.74,4267.36
537,2.0,366.0,42.99,42.99,732.0,85.97,323.01,646.03
538,2.0,276.91,11.02,11.02,553.82,22.03,265.89,531.79
539,6.0,207.0,76.74,76.74,1242.0,460.41,130.27,781.59
540,1.0,732.0,222.0,222.0,732.0,222.0,510.0,510.0
541,1.0,427.0,33.79,33.79,427.0,33.79,393.21,393.21
542,2.0,514.25,112.64,112.64,1028.5,225.28,401.61,803.22
543,5.0,485.0,144.4,144.4,2425.0,722.0,340.6,1703.0
544,1.0,310.0,50.54,50.54,310.0,50.54,259.46,259.46
545,1.0,893.0,72.34,72.34,893.0,72.34,820.66,820.66
546,17.0,244.02,210.95,210.95,4148.34,3586.12,33.07,562.22
547,4.0,2895.47,0.0,1168.41,11581.88,4673.63,1727.06,6908.25
548,4.0,2186.0,1048.4,1048.4,8744.0,4193.61,1137.6,4550.39
549,1.0,120.12,42.79,42.79,120.12,42.79,77.33,77.33
550,6.0,2177.5,0.0,319.29,13065.0,1915.76,1858.21,11149.24
551,2.0,623.2,0.0,145.86,1246.4,291.71,477.34,954.69
552,10.0,330.85,0.0,98.63,3308.5,986.31,232.22,2322.19
553,1.0,2044.2,0.0,406.12,2044.2,406.12,1638.08,1638.08
554,1.0,648.3,97.53,97.53,648.3,97.53,550.77,550.77
555,1.0,419.0,10.7,10.7,419.0,10.7,408.3,408.3
556,1.0,225.0,0.0,98.63,225.0,98.63,126.37,126.37
557,1.0,734.5,0.0,136.98,734.5,136.98,597.52,597.52
558,2.0,1188.0,2227.85,2227.85,27600.0,4455.7,11572.15,23144.3
559,2.0,1158.19,305.31,305.31,2316.38,610.62,852.88,1705.76
560,15.0,207.0,90.91,90.91,3105.0,1363.68,116.09,1741.32
561,1.0,634.5,42.35,42.35,634.5,42.35,592.15,592.15
562,4.0,427.0,33.79,33.79,1708.0,135.17,393.21,1572.83
563,1.0,301.07,3.8,3.8,301.07,3.8,297.27,297.27
564,1.0,1306.03,344.32,344.32,1306.03,344.32,961.71,961.71
565,20.0,355.0,131.87,131.87,7100.0,2637.36,223.13,4462.64
566,6.0,1450.0,224.13,224.13,8700.0,1344.78,1225.87,7355.22
567,1.0,999.95,200.3,200.3,999.95,200.3,799.65,799.65
568,5.0,410.0,0.0,113.06,2050.0,565.29,296.94,1484.71
569,1.0,2200.0,773.91,773.91,2200.0,773.91,1426.09,1426.09
570,5.0,978.6,477.85,477.85,4893.0,2389.27,500.75,2503.73
571,5.0,732.0,136.25,136.25,3660.0,681.25,595.75,2978.75
572,1.0,153.25,62.82,62.82,153.25,62.82,90.43,90.43
573,1.0,663.88,101.4,101.4,663.88,101.4,562.48,562.48
574,1.0,2025.2,0.0,483.67,2025.2,483.67,1541.53,1541.53
575,6.0,703.45,217.64,217.64,4220.7,1305.87,485.81,2914.83
576,5.0,488.0,0.0,144.4,2440.0,722.0,343.6,1718.0
577,2.0,153.45,62.82,62.82,306.9,125.64,90.63,181.26
578,10.0,994.0,0.0,46.17,9940.0,461.74,947.83,9478.26
579,5.0,551.25,0.0,286.82,2756.25,1434.11,264.43,1322.14
580,2.0,2750.0,797.54,797.54,5500.0,1595.08,1952.46,3904.92
581,2.0,475.0,36.52,36.52,950.0,73.04,438.48,876.96
582,1.0,2278.45,701.72,701.72,2278.45,701.72,1576.73,1576.73
583,4.0,375.0,88.03,88.03,1500.0,352.13,286.97,1147.87
584,1.0,6273.0,1368.31,1368.31,6273.0,1368.31,4904.69,4904.69
585,1.0,532.76,33.75,33.75,532.76,33.75,499.01,499.01
586,1.0,605.4,80.09,80.09,605.4,80.09,525.31,525.31
587,2.0,689.63,227.18,227.18,1379.26,454.37,462.44,924.89
588,1.0,1188.0,0.0,5301.49,13776.88,5301.49,8475.39,8475.39
589,2.0,933.85,172.13,172.13,1867.7,344.27,761.72,1523.43
590,2.0,335.0,58.36,58.36,670.0,116.73,276.64,553.27
591,1.0,1944.0,0.0,330.09,1944.0,330.09,1613.91,1613.91
592,1.0,2133.25,0.0,453.27,2133.25,453.27,1679.98,1679.98
593,1.0,424.0,253.0,253.0,424.0,253.0,171.0,171.0
594,1.0,2068.5,0.0,1261.99,2068.5,1261.99,806.51,806.51
595,1.0,2068.5,0.0,1261.99,2068.5,1261.99,806.51,806.51
596,2.0,2464.2,0.0,1067.99,4928.4,2135.98,1396.21,2792.42
597,2.0,2464.2,1130.54,1130.54,4928.4,2261.08,1333.66,2667.32
598,3.0,4580.0,2061.24,2061.24,13740.0,6183.72,2518.76,7556.28
599,1.0,2325.34,518.74,518.74,2325.34,518.74,1806.6,1806.6
600,1.0,564.1,60.64,60.64,564.1,60.64,503.46,503.46
601,4.0,1615.0,685.68,685.68,6460.0,2742.7,929.32,3717.3
602,1.0,1451.65,295.91,295.91,1451.65,295.91,1155.74,1155.74
603,2.0,572.0,0.0,206.11,1144.0,412.22,365.89,731.78
604,2.0,812.0,0.0,363.09,1624.0,726.18,448.91,897.82
605,2.0,1548.0,0.0,599.82,3096.0,1199.64,948.18,1896.36
606,8.0,622.0,0.0,83.98,4976.0,671.87,538.02,4304.13
607,5.0,986.0,0.0,236.74,4930.0,1183.69,749.26,3746.31
608,8.0,1133.0,279.88,279.88,9064.0,2239.06,853.12,6824.94
609,2.0,938.53,165.95,165.95,1877.06,331.9,772.58,1545.16
610,3.0,150.86,42.79,42.79,452.58,128.38,108.07,324.2
611,1.0,474.14,0.0,4434.97,474.14,4434.97,-3960.83,-3960.83
612,4.0,3053.25,806.14,806.14,12213.0,3224.57,2247.11,8988.43
613,1.0,1526.77,0.0,324.05,1526.77,324.05,1202.72,1202.72
614,6.0,1088.0,0.0,190.25,6528.0,1141.51,897.75,5386.49
615,3.5,1296.0,0.0,244.07,3911.1,14643.92,1051.93,3089.3
616,1.0,689.0,170.19,170.19,689.0,170.19,518.81,518.81
617,20.0,578.0,181.72,181.72,11560.0,3634.36,396.28,7925.64
618,1.0,385.0,253.0,253.0,385.0,253.0,132.0,132.0
619,15.0,407.0,0.0,101.07,6105.0,1516.01,305.93,4588.99
620,8.0,543.0,0.0,113.69,4344.0,909.55,429.31,3434.45
621,6.0,1365.0,115.41,115.41,8190.0,692.44,1249.59,7497.56
622,1.0,1139.88,168.7,168.7,1139.88,168.7,971.18,971.18
623,10.0,790.0,117.49,117.49,7900.0,1174.89,672.51,6725.11
624,2.0,210.0,77.57,77.57,420.0,155.15,132.43,264.85
625,3.5,862.35,0.0,335.46,24145.8,9392.95,526.89,14752.85
626,1.0,617.2,0.0,149.98,617.2,149.98,467.22,467.22
627,2.0,732.0,222.0,222.0,1464.0,444.0,510.0,1020.0
628,2.0,582.93,0.0,30.65,1165.86,61.3,552.28,1104.56
629,3.0,582.93,0.0,30.65,1748.79,91.95,552.28,1656.84
630,1.0,265.08,97.49,97.49,265.08,97.49,167.59,167.59
631,2.0,592.5,0.0,114.65,1185.0,229.29,477.85,955.71
632,3.0,642.0,321.87,321.87,1926.0,965.61,320.13,960.39
633,2.0,994.4,0.0,104.4,1988.8,208.8,890.0,1780.0
634,2.0,632.5,0.0,65.47,1265.0,130.94,567.03,1134.06
635,6.0,980.0,287.63,287.63,5880.0,1725.78,692.37,4154.22
636,4.0,1130.5,0.0,471.48,4522.0,1885.91,659.02,2636.09
637,2.0,840.0,0.0,160.02,1680.0,320.04,679.98,1359.96
638,4.0,1842.5,0.0,710.13,7370.0,2840.53,1132.37,4529.47
639,2.0,1914.5,0.0,736.2,3829.0,1472.41,1178.3,2356.59
640,10.0,1239.3,0.0,244.63,12393.0,2446.31,994.67,9946.69
641,8.0,1047.0,0.0,213.38,8376.0,1707.07,833.62,6668.93
642,5.0,965.0,0.0,213.77,4825.0,1068.83,751.23,3756.17
643,2.0,516.0,0.0,62.28,1032.0,124.56,453.72,907.44
644,1.0,453.24,171.87,171.87,453.24,171.87,281.37,281.37
645,5.0,7612.73,0.0,1952.03,3911.1,9760.13,5660.7,28303.52
646,16.0,980.0,0.0,295.95,15680.0,4735.23,684.05,10944.77
647,6.0,910.0,0.0,62.4,5460.0,374.39,847.6,5085.61
648,1.0,1140.86,407.85,407.85,1140.86,407.85,733.01,733.01
649,4.0,750.0,0.0,116.78,3000.0,467.13,633.22,2532.87
650,2.0,2105.3,848.3,848.3,4210.6,1696.61,1257.0,2513.99
651,1.0,775.6,208.61,208.61,775.6,208.61,567.0,567.0
652,2.0,400.64,0.0,59.77,801.28,119.54,340.87,681.74
653,2.0,999.91,200.3,200.3,1999.81,400.6,799.61,1599.22
654,3.5,1450.0,266.04,266.04,3911.1,9577.26,1183.97,3089.3
655,1.0,1188.0,191.8,3900.52,12500.0,3900.52,8599.48,8599.48
656,2.0,644.0,79.79,79.79,1288.0,159.57,564.21,1128.43
657,2.0,570.8,83.72,83.72,1141.6,167.44,487.08,974.16
658,1.0,605.4,80.09,80.09,605.4,80.09,525.31,525.31
659,1.0,425.0,253.0,253.0,425.0,253.0,172.0,172.0
660,1.0,563.5,55.83,55.83,563.5,55.83,507.67,507.67
661,1.0,424.0,253.0,253.0,424.0,253.0,171.0,171.0
662,12.0,825.0,0.0,332.9,9900.0,3994.81,492.1,5905.19
663,1.0,999.91,200.3,200.3,999.91,200.3,799.61,799.61
664,1.0,739.66,7.6,7.6,739.66,7.6,732.06,732.06
665,10.0,936.45,206.22,206.22,9364.5,2062.24,730.23,7302.26
666,3.5,1299.32,378.12,378.12,3911.1,11343.64,921.2,27635.96
667,1.0,3668.0,602.39,602.39,3668.0,602.39,3065.61,3065.61
668,2.0,812.53,68.34,68.34,1625.06,136.67,744.19,1488.39
669,4.0,485.0,135.69,135.69,1940.0,542.76,349.31,1397.24
670,4.0,375.0,54.8,54.8,1500.0,219.2,320.2,1280.8
671,4.0,301.5,432.0,432.0,1206.0,1728.0,-130.5,-522.0
672,1.0,1188.0,0.0,378.8,3911.1,1210.5,974.4,3089.3
673,2.0,564.1,0.0,47.7,1128.2,95.4,516.4,1032.8
674,2.0,2218.0,717.66,717.66,4436.0,1435.32,1500.34,3000.68
675,1.0,999.91,200.3,200.3,999.91,200.3,799.61,799.61
676,1.0,94.5,42.79,42.79,94.5,42.79,51.71,51.71
677,1.0,1697.71,562.77,562.77,1697.71,562.77,1134.94,1134.94
678,2.0,2025.2,0.0,483.67,4050.4,967.34,1541.53,3083.06
679,4.0,799.1,174.94,174.94,3196.4,699.77,624.16,2496.63
680,3.0,642.0,321.87,321.87,1926.0,965.61,320.13,960.39
681,6.0,1545.0,89.98,89.98,9270.0,539.86,1455.02,8730.14
682,1.0,3026.6,0.0,752.71,3026.6,752.71,2273.89,2273.89
683,3.0,812.53,0.0,111.07,2437.59,333.2,701.46,2104.39
684,1.0,385.0,253.0,253.0,385.0,253.0,132.0,132.0
685,2.0,655.0,7.2,7.2,1310.0,14.4,647.8,1295.6
686,10.0,504.5,43.24,43.24,5045.0,432.37,461.26,4612.63
687,12.0,596.6,0.0,120.27,7159.2,1443.18,476.34,5716.02
688,1.0,510.0,135.69,135.69,510.0,135.69,374.31,374.31
689,20.0,1475.3,355.29,355.29,29506.0,7105.79,1120.01,22400.21
690,2.0,3730.0,1465.29,1465.29,7460.0,2930.59,2264.71,4529.41
691,1.0,245.0,92.33,92.33,245.0,92.33,152.67,152.67
692,1.0,1410.0,227.74,227.74,1410.0,227.74,1182.26,1182.26
693,2.0,828.97,65.63,65.63,1657.94,131.25,763.34,1526.69
694,2.0,1049.3,654.97,654.97,2098.6,1309.94,394.33,788.66
695,2.0,631.84,23.77,23.77,1263.68,47.53,608.07,1216.15
696,2.0,800.19,67.69,67.69,1600.38,135.37,732.5,1465.01
697,5.0,181.0,62.82,62.82,905.0,314.09,118.18,590.91
698,5.0,225.0,77.57,77.57,1125.0,387.87,147.43,737.13
699,1.0,1572.45,668.43,668.43,1572.45,668.43,904.02,904.02
700,4.0,1600.0,0.0,835.04,6400.0,3340.17,764.96,3059.83
701,6.0,1073.0,0.0,381.64,6438.0,2289.82,691.36,4148.18
702,6.0,996.0,0.0,257.09,5976.0,1542.56,738.91,4433.44
703,2.0,557.5,0.0,197.63,1115.0,395.26,359.87,719.74
704,1.0,192.0,48.49,48.49,192.0,48.49,143.51,143.51
705,2.0,310.0,54.8,54.8,620.0,109.6,255.2,510.4
706,2.0,753.04,0.0,86.18,1506.08,172.35,666.86,1333.73
707,6.0,1550.0,0.0,629.46,9300.0,3776.75,920.54,5523.25
708,6.0,1500.0,0.0,595.77,9000.0,3574.62,904.23,5425.38
709,1.0,564.1,48.03,48.03,564.1,48.03,516.07,516.07
710,1.0,521.04,205.2,205.2,521.04,205.2,315.84,315.84
711,4.0,485.0,135.69,135.69,1940.0,542.76,349.31,1397.24
712,4.0,310.0,54.8,54.8,1240.0,219.2,255.2,1020.8
713,3.0,155.0,77.57,77.57,465.0,232.72,77.43,232.28
714,4.0,539.6,0.0,77.8,2158.4,311.18,461.8,1847.22
715,2.0,1380.0,0.0,246.69,2760.0,493.38,1133.31,2266.62
716,15.0,330.8,92.24,92.24,4962.0,1383.54,238.56,3578.46
717,2.0,345.0,42.65,42.65,690.0,85.29,302.35,604.71
718,2.0,994.64,155.39,155.39,1989.28,310.77,839.25,1678.51
719,2.0,605.4,80.09,80.09,1210.8,160.18,525.31,1050.62
720,1.0,735.65,177.85,177.85,735.65,177.85,557.8,557.8
721,2.0,608.75,331.33,331.33,1217.5,662.65,277.42,554.85
722,3.5,810.0,0.0,117.09,8100.0,1170.9,692.91,6929.1
723,4.0,788.48,0.0,798.08,3153.92,3192.33,-9.6,-38.41
724,1.0,2818.4,0.0,670.74,2818.4,670.74,2147.66,2147.66
725,1.0,812.43,111.07,111.07,812.43,111.07,701.36,701.36
726,6.0,1030.0,236.06,236.06,6180.0,1416.34,793.94,4763.66
727,4.0,457.82,32.24,32.24,1831.28,128.97,425.58,1702.31
728,2.0,1470.0,87.04,87.04,2940.0,174.08,1382.96,2765.92
729,2.0,2186.0,1072.93,1072.93,4372.0,2145.86,1113.07,2226.14
730,10.0,375.0,144.19,144.19,3750.0,1441.92,230.81,2308.08
731,3.0,375.0,0.0,122.35,1125.0,367.04,252.65,757.96
732,10.0,796.25,0.0,236.03,7962.5,2360.31,560.22,5602.19
733,10.0,850.5,0.0,237.87,8505.0,2378.73,612.63,6126.27
734,2.0,635.0,76.68,76.68,1270.0,153.36,558.32,1116.64
735,1.0,702.59,227.18,227.18,702.59,227.18,475.41,475.41
736,1.0,1265.0,521.59,521.59,1265.0,521.59,743.41,743.41
737,2.0,675.0,174.16,174.16,1350.0,348.32,500.84,1001.68
738,2.0,696.0,91.63,91.63,1392.0,183.26,604.37,1208.74
739,9.0,488.62,0.0,61.88,4397.58,556.96,426.74,3840.62
740,6.0,710.0,0.0,171.66,4260.0,1029.98,538.34,3230.02
741,3.0,3349.0,0.0,1273.61,10047.0,3820.84,2075.39,6226.16
742,2.0,2665.0,0.0,1304.15,5330.0,2608.29,1360.85,2721.71
743,1.0,435.72,97.49,97.49,435.72,97.49,338.23,338.23
744,1.0,648.3,97.53,97.53,648.3,97.53,550.77,550.77
745,1.0,419.0,10.7,10.7,419.0,10.7,408.3,408.3
746,3.5,369.5,18.14,18.14,3911.1,1813.59,351.36,3089.3
747,5.0,4500.88,0.0,514.77,22504.4,2573.85,3986.11,19930.55
748,4.0,625.7,0.0,114.05,2502.8,456.18,511.65,2046.62
749,5.0,625.7,100.68,100.68,3128.5,503.4,525.02,2625.1
750,6.0,625.7,0.0,98.64,3754.2,591.85,527.06,3162.35
751,2.0,1518.0,0.0,546.03,3036.0,1092.06,971.97,1943.94
752,1.0,2776.65,0.0,1220.15,2776.65,1220.15,1556.5,1556.5
753,1.0,2008.0,473.55,473.55,2008.0,473.55,1534.45,1534.45
754,6.0,587.0,0.0,152.07,3522.0,912.43,434.93,2609.57
755,4.0,780.5,0.0,230.29,3122.0,921.15,550.21,2200.85
756,1.0,1165.95,0.0,345.97,1165.95,345.97,819.98,819.98
757,1.0,1112.0,0.0,322.13,1112.0,322.13,789.87,789.87
758,4.0,1254.2,0.0,192.93,5016.8,771.72,1061.27,4245.08
759,1.0,310.0,54.8,54.8,310.0,54.8,255.2,255.2
760,3.0,485.0,141.3,141.3,1455.0,423.89,343.7,1031.11
761,3.0,921.37,0.0,185.81,2764.11,557.42,735.56,2206.69
762,1.0,518.97,123.23,123.23,518.97,123.23,395.73,395.73
763,7.0,3053.25,773.12,773.12,21372.75,5411.87,2280.13,15960.89
764,1.0,1054.0,665.36,665.36,1054.0,665.36,388.64,388.64
765,2.0,523.85,276.18,276.18,1047.7,552.36,247.67,495.34
766,2.0,2186.0,925.21,925.21,4372.0,1850.42,1260.79,2521.58
767,1.0,727.58,136.58,136.58,727.58,136.58,591.0,591.0
768,1.0,343.0,0.0,82.32,343.0,82.32,260.68,260.68
769,3.0,976.0,405.35,405.35,2928.0,1216.06,570.65,1711.94
770,1.0,732.0,260.2,260.2,732.0,260.2,471.8,471.8
771,1.0,1165.95,345.97,345.97,1165.95,345.97,819.98,819.98
772,2.0,404.65,0.0,27.79,809.3,55.57,376.86,753.73
773,2.0,648.5,65.25,65.25,1297.0,130.51,583.25,1166.49
774,2.0,648.5,64.34,64.34,1297.0,128.69,584.16,1168.31
775,2.0,693.35,64.34,64.34,1386.7,128.69,629.01,1258.01
776,1.0,576.03,210.24,210.24,576.03,210.24,365.79,365.79
777,1.0,657.12,265.64,265.64,657.12,265.64,391.48,391.48
778,1.0,499.7,205.2,205.2,499.7,205.2,294.5,294.5
779,1.0,659.6,0.0,76.36,659.6,76.36,583.24,583.24
780,10.0,123.0,15.03,15.03,1230.0,150.32,107.97,1079.68
781,20.0,355.0,133.05,133.05,7100.0,2660.93,221.95,4439.07
782,15.0,355.0,133.05,133.05,5325.0,1995.7,221.95,3329.3
783,1.0,2068.5,1357.1,1357.1,2068.5,1357.1,711.4,711.4
784,2.0,2464.2,1130.54,1130.54,4928.4,2261.08,1333.66,2667.32
785,6.0,980.0,295.59,295.59,5880.0,1773.52,684.41,4106.48
786,1.0,1074.04,0.0,185.06,1074.04,185.06,888.98,888.98
787,4.0,788.88,42.63,42.63,3155.52,170.5,746.26,2985.02
788,1.0,727.31,0.0,297.42,727.31,297.42,429.89,429.89
789,1.0,624.27,54.8,54.8,624.27,54.8,569.47,569.47
790,1.0,572.0,206.11,206.11,572.0,206.11,365.89,365.89
791,6.0,812.0,0.0,363.09,4872.0,2178.55,448.91,2693.45
792,1.0,1548.0,0.0,671.28,1548.0,671.28,876.72,876.72
793,2.0,660.0,0.0,66.99,1320.0,133.98,593.01,1186.02
794,2.0,1186.17,172.53,172.53,2372.34,345.06,1013.64,2027.28
795,3.0,675.0,0.0,202.71,2025.0,608.14,472.29,1416.86
796,5.0,938.53,161.73,161.73,4692.65,808.65,776.8,3884.0
797,8.0,1666.18,0.0,675.99,13329.44,5407.95,990.19,7921.49
798,1.0,1165.95,345.97,345.97,1165.95,345.97,819.98,819.98
799,3.5,607.1,0.0,131.45,3911.1,7098.51,475.65,25685.11
800,3.5,611.51,0.0,137.76,16510.82,3719.48,473.75,12791.35
801,3.0,753.42,0.0,203.69,2260.25,611.06,549.73,1649.18
802,3.0,535.48,0.0,126.45,1606.44,379.36,409.03,1227.08
803,3.0,572.5,144.4,144.4,1717.5,433.2,428.1,1284.3
804,1.0,794.0,0.0,323.11,794.0,323.11,470.89,470.89
805,1.0,941.0,165.65,165.65,941.0,165.65,775.35,775.35
806,4.0,636.3,110.15,110.15,2545.2,440.58,526.15,2104.62
807,1.0,400.0,171.87,171.87,400.0,171.87,228.13,228.13
808,2.0,7133.17,0.0,2549.57,14266.34,5099.14,4583.6,9167.2
809,3.0,798.0,156.34,156.34,2394.0,469.01,641.66,1924.99
810,1.0,139.0,42.79,42.79,139.0,42.79,96.21,96.21
811,3.0,786.7,150.16,150.16,2360.1,450.49,636.54,1909.61
812,4.0,2105.0,0.0,255.13,8420.0,1020.51,1849.87,7399.49
813,5.0,652.0,0.0,216.25,3260.0,1081.24,435.75,2178.77
814,4.0,968.5,0.0,195.43,3874.0,781.73,773.07,3092.27
815,2.0,2218.27,1389.6,1389.6,4436.54,2779.2,828.67,1657.34
816,10.0,810.0,257.6,257.6,8100.0,2575.95,552.4,5524.05
817,11.0,1552.5,0.0,384.87,17077.5,4233.54,1167.63,12843.96
818,1.0,348.0,54.8,54.8,348.0,54.8,293.2,293.2
819,1.0,3120.0,1195.0,1195.0,3120.0,1195.0,1925.0,1925.0
820,1.0,315.0,97.49,97.49,315.0,97.49,217.51,217.51
821,2.0,435.72,171.87,171.87,871.44,343.73,263.85,527.71
822,1.0,1127.0,0.0,316.45,1127.0,316.45,810.55,810.55
823,1.0,4956.73,1306.63,1306.63,4956.73,1306.63,3650.1,3650.1
824,4.0,407.0,155.25,155.25,1628.0,620.99,251.75,1007.01
825,4.0,541.25,0.0,132.16,2165.0,528.65,409.09,1636.35
826,4.0,1365.0,0.0,203.04,5460.0,812.15,1161.96,4647.85
827,4.0,681.75,122.18,122.18,2727.0,488.72,559.57,2238.28
828,1.0,3200.0,0.0,649.31,3200.0,649.31,2550.69,2550.69
829,2.0,3200.0,0.0,590.21,6400.0,1180.41,2609.79,5219.59
830,1.0,3200.0,0.0,595.74,3200.0,595.74,2604.26,2604.26
831,1.0,3521.6,585.92,585.92,3521.6,585.92,2935.68,2935.68
832,3.5,1299.32,429.81,429.81,3911.1,12894.24,869.51,26085.36
833,3.0,4250.0,788.54,788.54,12750.0,2365.62,3461.46,10384.38
834,1.0,846.2,244.91,244.91,846.2,244.91,601.29,601.29
835,2.0,1050.69,0.0,270.68,2101.38,541.35,780.01,1560.03
836,2.0,2132.55,0.0,230.7,4265.1,461.4,1901.85,3803.7
837,4.0,3650.0,790.28,790.28,14600.0,3161.13,2859.72,11438.87
838,4.0,3250.0,753.71,753.71,13000.0,3014.83,2496.29,9985.17
839,5.0,2550.0,703.11,703.11,12750.0,3515.54,1846.89,9234.46
840,2.0,155.0,0.0,67.57,310.0,135.14,87.43,174.86
841,21.0,916.36,0.0,264.47,19243.56,5553.86,651.89,13689.7
842,1.0,1188.0,191.8,5169.85,25258.15,5169.85,974.4,20088.3
843,4.0,961.45,0.0,324.71,3845.8,1298.83,636.74,2546.97
844,1.0,485.2,89.76,89.76,485.2,89.76,395.44,395.44
845,1.0,570.3,72.34,72.34,570.3,72.34,497.96,497.96
846,1.0,485.2,0.0,89.76,485.2,89.76,395.44,395.44
847,1.0,570.3,0.0,72.34,570.3,72.34,497.96,497.96
848,6.0,686.0,0.0,236.2,4116.0,1417.21,449.8,2698.79
849,2.0,462.0,220.0,220.0,924.0,440.0,242.0,484.0
850,2.0,4188.63,0.0,1931.62,8377.26,3863.23,2257.01,4514.03
851,1.0,1188.0,0.0,277.5,14000.0,277.5,13722.5,13722.5
852,12.0,825.0,333.0,333.0,9900.0,3995.98,492.0,5904.02
853,10.0,810.0,257.6,257.6,8100.0,2575.95,552.4,5524.05
854,1.0,3521.6,1225.86,1225.86,3521.6,1225.86,2295.74,2295.74
855,10.0,207.0,92.33,92.33,2070.0,923.31,114.67,1146.69
856,4.0,1205.0,0.0,282.91,4820.0,1131.63,922.09,3688.37
857,5.0,585.5,0.0,223.92,2927.5,1119.59,361.58,1807.92
858,5.0,648.0,0.0,249.92,3240.0,1249.59,398.08,1990.42
859,1.0,1697.71,567.27,567.27,1697.71,567.27,1130.44,1130.44
860,5.0,821.3,0.0,75.77,4106.5,378.86,745.53,3727.64
861,1.0,4125.0,0.0,193.86,4125.0,193.86,3931.14,3931.14
862,1.0,1369.18,0.0,197.36,1369.18,197.36,1171.82,1171.82
863,2.0,886.0,55.23,55.23,1772.0,110.46,830.77,1661.54
864,2.0,695.0,36.8,36.8,1390.0,73.59,658.2,1316.41
865,2.0,665.0,80.09,80.09,1330.0,160.18,584.91,1169.82
866,1.0,1188.0,0.0,1721.28,18869.0,1721.28,974.4,17147.72
867,1.0,600.0,179.31,179.31,600.0,179.31,420.69,420.69
868,10.0,1250.0,0.0,514.93,12500.0,5149.29,735.07,7350.71
869,6.0,912.0,0.0,301.16,5472.0,1806.93,610.84,3665.07
870,6.0,1154.0,0.0,750.38,6924.0,4502.25,403.62,2421.75
871,6.0,696.0,0.0,43.88,4176.0,263.28,652.12,3912.72
872,6.0,888.0,0.0,215.26,5328.0,1291.57,672.74,4036.43
873,10.0,509.0,0.0,128.74,5090.0,1287.37,380.26,3802.63
874,6.0,407.0,122.67,122.67,2442.0,736.0,284.33,1706.0
875,16.0,1939.0,0.0,490.5,31024.0,7848.04,1448.5,23175.96
876,3.0,1064.0,0.0,330.66,3192.0,991.99,733.34,2200.01
877,5.0,485.0,144.4,144.4,2425.0,722.0,340.6,1703.0
878,5.0,310.0,54.8,54.8,1550.0,274.0,255.2,1276.0
879,7.0,1252.0,0.0,244.61,8764.0,1712.29,1007.39,7051.71
880,3.0,720.0,82.15,82.15,2160.0,246.45,637.85,1913.55
881,1.0,1215.5,335.77,335.77,1215.5,335.77,879.73,879.73
882,10.0,185.0,74.45,74.45,1850.0,744.5,110.55,1105.5
883,5.0,125.0,42.79,42.79,625.0,213.97,82.21,411.03
884,2.0,163.0,72.37,72.37,326.0,144.73,90.63,181.27
885,3.0,238.0,97.49,97.49,714.0,292.48,140.51,421.52
886,3.0,496.0,144.2,144.2,1488.0,432.6,351.8,1055.4
887,4.0,976.0,396.78,396.78,3904.0,1587.1,579.22,2316.9
888,3.5,1475.3,291.48,291.48,3911.1,8744.54,1183.82,3089.3
889,4.0,976.0,0.0,374.14,3904.0,1496.57,601.86,2407.43
890,20.0,1475.3,290.21,290.21,29506.0,5804.18,1185.09,23701.82
891,4.0,3053.25,844.23,844.23,12213.0,3376.92,2209.02,8836.08
892,2.0,155.0,62.82,62.82,310.0,125.64,92.18,184.36
893,4.0,1007.0,0.0,227.21,4028.0,908.84,779.79,3119.16
894,1.0,853.0,0.0,156.55,853.0,156.55,696.45,696.45
895,4.0,2359.7,338.22,338.22,9438.8,1352.89,2021.48,8085.91
896,1.0,1139.86,0.0,301.83,1139.86,301.83,838.03,838.03
897,4.0,720.0,82.15,82.15,2880.0,328.6,637.85,2551.4
898,3.0,2464.2,1135.53,1135.53,7392.6,3406.59,1328.67,3986.01
899,2.0,2068.5,1261.99,1261.99,4137.0,2523.98,806.51,1613.02
900,4.0,413.4,91.5,91.5,1653.6,366.02,321.9,1287.58
901,1.0,785.0,0.0,181.44,785.0,181.44,603.56,603.56
902,1.0,5909.84,0.0,1884.35,5909.84,1884.35,4025.49,4025.49
903,2.0,2235.9,0.0,628.8,4471.8,1257.6,1607.1,3214.2
904,12.0,1030.0,0.0,282.47,12360.0,3389.64,747.53,8970.36
905,2.0,435.0,0.0,82.37,870.0,164.74,352.63,705.26
906,1.0,5251.28,0.0,2121.33,5251.28,2121.33,3129.95,3129.95
907,3.5,1299.32,430.03,430.03,3911.1,12900.92,869.29,26078.68
908,1.0,1320.0,73.01,73.01,1320.0,73.01,1246.99,1246.99
909,1.0,483.54,72.97,72.97,483.54,72.97,410.58,410.58
910,1.0,155.0,72.37,72.37,155.0,72.37,82.63,82.63
911,5.0,490.0,0.0,150.77,2450.0,753.85,339.23,1696.15
912,4.0,307.0,32.38,32.38,1228.0,129.51,274.62,1098.49
913,1.0,661.2,31.14,31.14,661.2,31.14,630.06,630.06
914,2.0,1696.25,572.12,572.12,3392.5,1144.25,1124.13,2248.25
915,1.0,2290.12,917.05,917.05,2290.12,917.05,1373.07,1373.07
916,1.0,2278.45,469.69,469.69,2278.45,469.69,1808.76,1808.76
917,15.0,735.0,86.15,86.15,11025.0,1292.21,648.85,9732.79
918,4.0,1587.0,210.34,210.34,6348.0,841.34,1376.66,5506.66
919,3.0,1598.75,438.86,438.86,4796.25,1316.59,1159.89,3479.66
920,3.0,2218.0,0.0,1149.73,6654.0,3449.19,1068.27,3204.81
921,1.0,785.0,0.0,110.45,785.0,110.45,674.55,674.55
922,21.0,916.36,264.47,264.47,19243.56,5553.86,651.89,13689.7
923,2.0,345.0,345.81,345.81,690.0,691.62,-0.81,-1.62
924,2.0,787.5,0.0,90.71,1575.0,181.42,696.79,1393.58
925,1.0,154.31,62.95,62.95,154.31,62.95,91.36,91.36
926,1.0,120.0,48.2,48.2,120.0,48.2,71.8,71.8
927,2.0,1654.34,0.0,183.81,3308.68,367.61,1470.53,2941.07
928,3.0,2481.59,0.0,0.0,7444.77,0.0,2481.59,7444.77
929,4.0,1130.5,457.78,457.78,4522.0,1831.12,672.72,2690.88
930,1.0,1284.0,249.45,249.45,1284.0,249.45,1034.55,1034.55
931,1.0,1188.0,2754.67,2754.67,25258.15,2754.67,974.4,22503.48
932,1.0,668.0,210.24,210.24,668.0,210.24,457.76,457.76
933,1.0,758.5,0.0,120.77,758.5,120.77,637.73,637.73
934,3.0,525.0,10.82,10.82,1575.0,32.46,514.18,1542.54
935,6.0,625.2,43.81,43.81,3751.2,262.85,581.39,3488.35
936,3.0,625.2,48.94,48.94,1875.6,146.81,576.26,1728.79
937,1.0,155.0,78.65,78.65,155.0,78.65,76.35,76.35
938,3.0,983.0,227.62,227.62,2949.0,682.85,755.38,2266.15
939,1.0,535.0,0.0,66.88,535.0,66.88,468.12,468.12
940,1.0,125.0,48.2,48.2,125.0,48.2,76.8,76.8
941,1.0,155.0,62.95,62.95,155.0,62.95,92.05,92.05
942,1.0,1048.97,191.8,6587.67,1048.97,6587.67,-5538.7,-5538.7
943,2.0,1056.35,348.7,348.7,2112.7,697.4,707.65,1415.3
944,2.0,985.0,242.78,242.78,1970.0,485.55,742.22,1484.45
945,1.0,661.2,0.0,31.14,661.2,31.14,630.06,630.06
946,20.0,935.0,185.95,185.95,18700.0,3719.07,749.05,14980.93
947,6.0,2177.5,457.71,457.71,13065.0,2746.25,1719.79,10318.75
948,3.0,1991.0,0.0,182.87,5973.0,548.62,1808.13,5424.38
949,10.0,123.0,4.8,4.8,1230.0,48.02,118.2,1181.99
950,3.0,705.5,135.18,135.18,2116.5,405.53,570.32,1710.97
951,3.0,705.5,136.6,136.6,2116.5,409.8,568.9,1706.7
952,7.0,606.0,210.24,210.24,4242.0,1471.68,395.76,2770.32
953,1.0,813.0,260.2,260.2,813.0,260.2,552.8,552.8
954,8.0,764.8,216.17,216.17,6118.4,1729.33,548.63,4389.07
955,1.0,265.08,97.49,97.49,265.08,97.49,167.59,167.59
956,1.0,597.0,173.0,173.0,597.0,173.0,424.0,424.0
957,5.0,1551.2,0.0,333.77,7756.0,1668.85,1217.43,6087.15
958,1.0,1584.6,0.0,369.86,1584.6,369.86,1214.74,1214.74
959,2.0,674.82,0.0,88.53,1349.64,177.06,586.29,1172.58
960,2.0,1188.0,2613.6,2613.6,3911.1,5227.2,15869.18,3089.3
961,3.0,720.0,0.0,129.95,2160.0,389.85,590.05,1770.15
962,1.0,1188.0,0.0,0.0,9700.0,0.0,9700.0,9700.0
963,1.0,653.0,223.04,223.04,653.0,223.04,429.96,429.96
964,2.0,1100.0,0.0,43.93,2200.0,87.87,1056.07,2112.13
965,2.0,2186.0,0.0,1062.78,4372.0,2125.57,1123.22,2246.43
966,10.0,351.64,0.0,144.47,3516.4,1444.71,207.17,2071.69
967,2.0,1974.31,0.0,360.69,3948.62,721.38,1613.62,3227.24
968,1.0,2874.31,0.0,886.73,2874.31,886.73,1987.58,1987.58
969,2.0,2215.0,0.0,610.78,4430.0,1221.56,1604.22,3208.44
970,2.0,462.0,253.0,253.0,924.0,506.0,209.0,418.0
971,4.0,2218.27,0.0,1204.71,8873.08,4818.85,1013.56,4054.23
972,2.0,612.6,0.0,71.02,1225.2,142.04,541.58,1083.16
973,5.0,3200.0,0.0,1048.9,16000.0,5244.49,2151.1,10755.51
974,12.0,781.0,0.0,126.46,9372.0,1517.55,654.54,7854.45
975,15.0,1180.0,0.0,191.22,17700.0,2868.3,988.78,14831.7
976,20.0,1475.3,314.44,314.44,29506.0,6288.76,1160.86,23217.24
977,20.0,1144.58,363.31,363.31,22891.6,7266.24,781.27,15625.36
978,20.0,330.8,92.32,92.32,6616.0,1846.35,238.48,4769.65
979,4.0,2621.15,741.05,741.05,10484.6,2964.18,1880.1,7520.42
980,2.0,519.14,0.0,119.95,1038.28,239.89,399.19,798.39
981,1.0,1443.3,470.05,470.05,1443.3,470.05,973.25,973.25
982,1.0,1033.0,0.0,217.51,1033.0,217.51,815.49,815.49
983,1.0,295.0,39.22,39.22,295.0,39.22,255.78,255.78
984,10.0,386.0,84.41,84.41,3860.0,844.11,301.59,3015.89
985,1.0,813.1,260.2,260.2,813.1,260.2,552.9,552.9
986,1.0,3450.74,1216.54,1216.54,3450.74,1216.54,2234.2,2234.2
987,1.0,225.0,78.65,78.65,225.0,78.65,146.35,146.35
988,1.0,2256.35,0.0,927.84,2256.35,927.84,1328.51,1328.51
989,3.0,732.0,260.2,260.2,2196.0,780.6,471.8,1415.4
990,12.0,745.0,0.0,240.58,8940.0,2887.02,504.42,6052.99
991,10.0,864.2,0.0,226.8,8642.0,2268.0,637.4,6374.0
992,2.0,999.91,226.23,226.23,1999.81,452.46,773.68,1547.35
993,1.0,1800.0,693.77,693.77,1800.0,693.77,1106.23,1106.23
994,1.0,2068.5,1261.99,1261.99,2068.5,1261.99,806.51,806.51
995,1.0,3213.0,0.0,1165.13,3213.0,1165.13,2047.87,2047.87
996,4.0,2464.2,0.0,1067.99,9856.8,4271.95,1396.21,5584.85
997,20.0,810.0,313.65,313.65,16200.0,6273.1,496.35,9926.9
998,1.0,1075.31,0.0,521.55,1075.31,521.55,553.76,553.76
999,8.0,753.5,0.0,127.11,6028.0,1016.9,626.39,5011.1
1000,1.0,497.89,42.8,42.8,497.89,42.8,455.09,455.09
1001,3.0,2400.0,0.0,679.75,7200.0,2039.25,1720.25,5160.75
1002,2.0,647.0,100.13,100.13,1294.0,200.26,546.87,1093.74
1003,2.0,647.0,894.91,894.91,1294.0,1789.82,-247.91,-495.82
1004,2.0,562.5,0.0,102.31,1125.0,204.63,460.19,920.37
1005,2.0,813.1,260.2,260.2,1626.21,520.4,552.9,1105.81
1006,9.0,764.39,137.83,137.83,6879.51,1240.49,626.56,5639.02
1007,1.0,941.77,203.69,203.69,941.77,203.69,738.08,738.08
1008,1.0,669.35,126.54,126.54,669.35,126.54,542.81,542.81
1009,2.0,863.0,68.35,68.35,1726.0,136.7,794.65,1589.3
1010,1.0,1045.31,388.11,388.11,1045.31,388.11,657.2,657.2
1011,2.0,901.5,68.35,68.35,1803.0,136.7,833.15,1666.3
1012,3.0,1064.0,330.66,330.66,3192.0,991.99,733.34,2200.01
1013,20.0,1475.3,331.61,331.61,29506.0,6632.15,1143.69,22873.85
1014,1.0,3730.0,1388.82,1388.82,3730.0,1388.82,2341.18,2341.18
1015,1.0,485.0,144.4,144.4,485.0,144.4,340.6,340.6
1016,2.0,2278.45,0.0,436.59,4556.9,873.18,1841.86,3683.72
1017,1.0,817.89,0.0,176.15,817.89,176.15,641.74,641.74
1018,1.0,385.0,253.0,253.0,385.0,253.0,132.0,132.0
1019,10.0,386.0,77.13,77.13,3860.0,771.29,308.87,3088.71
1020,3.0,1784.35,0.0,112.39,5353.05,337.18,1671.96,5015.87
1021,4.0,657.58,107.5,107.5,2630.32,429.99,550.08,2200.34
1022,4.0,779.5,158.36,158.36,3118.0,633.45,621.14,2484.55
1023,2.0,435.72,265.64,265.64,871.44,531.27,170.08,340.17
1024,2.0,350.41,125.68,125.68,700.82,251.36,224.73,449.46
1025,1.0,327.59,57.6,57.6,327.59,57.6,269.99,269.99
1026,10.0,1250.0,0.0,170.16,12500.0,1701.62,1079.84,10798.38
1027,1.0,462.0,253.0,253.0,462.0,253.0,209.0,209.0
1028,1.0,596.0,0.0,28.41,596.0,28.41,567.59,567.59
1029,10.0,699.5,286.59,286.59,6995.0,2865.87,412.91,4129.13
1030,3.0,799.1,168.4,168.4,2397.3,505.21,630.7,1892.09
1031,14.0,150.0,78.65,78.65,2100.0,1101.12,71.35,998.88
1032,6.0,500.0,265.64,265.64,3000.0,1593.82,234.36,1406.18
1033,1.0,960.34,91.4,91.4,960.34,91.4,868.94,868.94
1034,1.0,772.0,0.0,13.33,772.0,13.33,758.67,758.67
1035,1.0,4972.3,0.0,1139.58,4972.3,1139.58,3832.72,3832.72
1036,1.0,1385.0,0.0,281.46,1385.0,281.46,1103.54,1103.54
1037,1.0,1848.9,406.12,406.12,1848.9,406.12,1442.78,1442.78
1038,2.0,1209.8,0.0,341.41,2419.6,682.82,868.39,1736.78
1039,2.0,345.0,0.0,348.92,690.0,697.83,-3.92,-7.83
1040,2.0,528.89,0.0,68.25,1057.78,136.5,460.64,921.28
1041,1.0,999.91,226.23,226.23,999.91,226.23,773.68,773.68
1042,1.0,999.91,226.23,226.23,999.91,226.23,773.68,773.68
1043,2.0,2186.0,955.68,955.68,4372.0,1911.36,1230.32,2460.64
1044,1.0,264.0,97.49,97.49,264.0,97.49,166.51,166.51
1045,1.0,2660.9,0.0,896.15,2660.9,896.15,1764.75,1764.75
1046,1.0,1188.0,0.0,9353.62,22417.6,9353.62,13063.98,13063.98
1047,1.0,155.0,78.65,78.65,155.0,78.65,76.35,76.35
1048,1.0,899.0,0.0,197.53,899.0,197.53,701.47,701.47
1049,1.0,556.7,0.0,72.88,556.7,72.88,483.82,483.82
1050,1.0,1103.45,0.0,400.95,1103.45,400.95,702.5,702.5
1051,1.0,930.0,0.0,159.65,930.0,159.65,770.35,770.35
1052,3.0,845.29,0.0,369.66,2535.87,1108.97,475.63,1426.9
1053,2.0,2465.0,0.0,585.2,4930.0,1170.39,1879.8,3759.61
1054,3.0,705.5,130.97,130.97,2116.5,392.91,574.53,1723.59
1055,6.0,705.5,0.0,143.89,4233.0,863.31,561.61,3369.69
1056,6.0,918.0,0.0,502.32,5508.0,3013.94,415.68,2494.06
1057,1.0,915.0,0.0,239.08,915.0,239.08,675.92,675.92
1058,3.0,715.65,0.0,103.21,2146.95,309.63,612.44,1837.32
1059,4.0,515.0,0.0,182.6,2060.0,730.4,332.4,1329.6
1060,2.0,2375.5,438.39,438.39,4751.0,876.79,1937.11,3874.21
1061,1.0,2080.85,523.53,523.53,2080.85,523.53,1557.32,1557.32
1062,1.0,1899.18,164.55,164.55,1899.18,164.55,1734.63,1734.63
1063,1.0,3298.28,191.8,378.8,3298.28,1210.5,974.4,3089.3
1064,1.0,150.0,78.65,78.65,150.0,78.65,71.35,71.35
1065,1.0,442.75,253.0,253.0,442.75,253.0,189.75,189.75
1066,1.0,462.0,220.0,220.0,462.0,220.0,242.0,242.0
1067,1.0,1165.95,345.97,345.97,1165.95,345.97,819.98,819.98
1068,1.0,1165.95,0.0,345.97,1165.95,345.97,819.98,819.98
1069,4.0,763.0,0.0,71.72,3052.0,286.9,691.28,2765.1
1070,4.0,845.0,0.0,167.31,3380.0,669.24,677.69,2710.76
1071,1.0,1615.0,685.68,685.68,1615.0,685.68,929.32,929.32
1072,1.0,1615.0,685.68,685.68,1615.0,685.68,929.32,929.32
1073,1.0,1615.0,685.68,685.68,1615.0,685.68,929.32,929.32
1074,1.0,1615.0,685.68,685.68,1615.0,685.68,929.32,929.32
1075,2.0,485.0,144.4,144.4,970.0,288.8,340.6,681.2
1076,18.0,7780.0,816.73,1743.86,3911.1,16025.97,6036.14,3089.3
1077,18.0,7780.0,930.34,2064.16,3911.1,1210.5,5715.84,3089.3
1078,4.0,125.0,48.2,48.2,500.0,192.79,76.8,307.21
1079,8.0,132.06,0.0,21.33,1056.48,170.62,110.73,885.86
1080,2.0,1853.25,1116.84,1116.84,3706.5,2233.68,736.41,1472.83
1081,2.0,852.53,0.0,55.13,1705.06,110.26,797.4,1594.8
1082,2.0,1790.5,155.35,155.35,3581.0,310.7,1635.15,3270.3
1083,2.0,1900.0,253.99,253.99,3800.0,507.97,1646.01,3292.03
1084,1.0,1280.14,0.0,477.16,1280.14,477.16,802.98,802.98
1085,10.0,978.6,0.0,518.59,9786.0,5185.87,460.01,4600.13
1086,5.0,732.0,0.0,136.25,3660.0,681.25,595.75,2978.75
1087,3.0,1800.0,0.0,312.11,5400.0,936.33,1487.89,4463.67
1088,3.0,1086.23,0.0,274.93,3258.69,824.78,811.3,2433.91
1089,3.0,699.38,0.0,207.16,2098.14,621.48,492.22,1476.66
1090,10.0,3220.0,667.91,667.91,3911.1,6679.11,2552.09,25520.89
1091,4.0,5790.0,0.0,1798.56,23160.0,7194.25,3991.44,15965.75
1092,4.0,315.0,57.6,57.6,1260.0,230.4,257.4,1029.6
1093,3.5,1475.3,288.77,288.77,3911.1,8663.07,1186.53,3089.3
1094,4.0,582.13,0.0,131.24,2328.52,524.96,450.89,1803.56
1095,2.0,773.06,0.0,126.1,1546.12,252.21,646.96,1293.91
1096,10.0,6.54,6.0,6.0,65.35,60.0,0.54,5.35
1097,7.0,299.8,50.94,50.94,2098.6,356.56,248.86,1742.04
1098,3.5,1102.75,0.0,751.86,3911.1,1210.5,350.89,10526.78
1099,3.0,155.0,62.95,62.95,465.0,188.86,92.05,276.14
1100,2.0,1330.35,0.0,326.25,2660.7,652.49,1004.1,2008.21
1101,2.0,1188.0,0.0,6073.5,3911.1,12146.99,11319.56,22639.13
1102,10.0,825.0,332.9,332.9,8250.0,3329.01,492.1,4920.99
1103,1.0,1283.8,0.0,131.36,1283.8,131.36,1152.44,1152.44
1104,4.0,1188.0,0.0,1721.28,3911.1,6885.12,974.4,3089.3
1105,2.0,581.46,0.0,144.87,1162.92,289.73,436.59,873.19
1106,2.0,555.06,0.0,96.17,1110.12,192.34,458.89,917.78
1107,8.0,3545.43,800.35,800.35,28363.44,6402.83,2745.08,21960.61
1108,1.0,1370.74,0.0,328.39,1370.74,328.39,1042.35,1042.35
1109,1.0,1018.0,0.0,273.77,1018.0,273.77,744.23,744.23
1110,2.0,817.79,0.0,133.04,1635.58,266.08,684.75,1369.5
1111,4.0,530.64,0.0,325.23,2122.56,1300.94,205.41,821.62
1112,1.0,732.0,222.0,222.0,732.0,222.0,510.0,510.0
1113,1.0,210.0,90.91,90.91,210.0,90.91,119.09,119.09
1114,1.0,305.5,113.59,113.59,305.5,113.59,191.91,191.91
1115,4.0,485.0,144.4,144.4,1940.0,577.6,340.6,1362.4
1116,1.0,965.4,0.0,413.55,965.4,413.55,551.85,551.85
1117,5.0,606.0,236.6,236.6,3030.0,1182.99,369.4,1847.01
1118,10.0,398.0,0.0,113.64,3980.0,1136.37,284.36,2843.63
1119,1.0,1157.93,0.0,187.54,1157.93,187.54,970.39,970.39
1120,1.0,4500.0,0.0,1088.23,4500.0,1088.23,3411.77,3411.77
1121,2.0,699.52,0.0,66.79,1399.04,133.59,632.73,1265.45
1122,1.0,462.0,220.0,220.0,462.0,220.0,242.0,242.0
1123,3.0,299.8,0.0,59.54,899.4,178.63,240.26,720.77
1124,2.0,155.0,62.95,62.95,310.0,125.91,92.05,184.09
1125,1.0,2533.27,0.0,0.0,2533.27,0.0,2533.27,2533.27
1126,4.0,2359.7,338.22,338.22,9438.8,1352.89,2021.48,8085.91
1127,1.0,772.6,0.0,49.16,772.6,49.16,723.44,723.44
1128,4.0,462.07,220.0,220.0,1848.28,880.0,242.07,968.28
1129,3.0,1194.66,0.0,0.0,3583.98,0.0,1194.66,3583.98
1130,2.0,932.0,0.0,207.69,1864.0,415.38,724.31,1448.62
1131,2.0,730.8,0.0,126.52,1461.6,253.04,604.28,1208.56
1132,1.0,1911.0,0.0,329.0,1911.0,329.0,1582.0,1582.0
1133,3.0,1572.45,600.03,600.03,4717.35,1800.09,972.42,2917.26
1134,10.0,485.0,0.0,144.4,4850.0,1444.0,340.6,3406.0
1135,6.0,1127.46,0.0,355.3,6764.76,2131.82,772.16,4632.94
1136,1.0,1800.0,2392.5,2392.5,1800.0,2392.5,-592.5,-592.5
1137,1.0,1130.5,421.11,421.11,1130.5,421.11,709.39,709.39
1138,1.0,675.97,89.76,89.76,675.97,89.76,586.21,586.21
1139,1.0,730.17,72.34,72.34,730.17,72.34,657.83,657.83
1140,10.0,1677.0,0.0,521.39,16770.0,5213.9,1155.61,11556.1
1141,5.0,2445.0,0.0,1627.09,12225.0,8135.45,817.91,4089.55
1142,4.0,698.0,0.0,0.0,2792.0,0.0,698.0,2792.0
1143,20.0,1475.3,0.0,315.51,29506.0,6310.2,1159.79,23195.8
1144,3.0,3053.25,640.51,640.51,9159.75,1921.52,2412.74,7238.23
1145,1.0,899.0,0.0,197.53,899.0,197.53,701.47,701.47
1146,6.0,619.5,0.0,76.71,3717.0,460.25,542.79,3256.75
1147,1.0,699.5,0.0,70.7,699.5,70.7,628.8,628.8
1148,1.0,650.0,316.45,316.45,650.0,316.45,333.55,333.55
1149,6.0,413.4,0.0,93.3,2480.4,559.81,320.1,1920.59
1150,10.0,415.0,0.0,100.7,4150.0,1007.01,314.3,3142.99
1151,10.0,407.0,124.77,124.77,4070.0,1247.67,282.23,2822.33
1152,10.0,541.25,0.0,132.16,5412.5,1321.62,409.09,4090.88
1153,7.0,708.0,0.0,138.9,4956.0,972.31,569.1,3983.69
1154,10.0,488.0,0.0,119.27,4880.0,1192.74,368.73,3687.26
1155,10.0,1615.25,0.0,52.12,16152.5,521.21,1563.13,15631.29
1156,3.0,2056.2,586.32,586.32,6168.6,1758.97,1469.88,4409.63
1157,1.0,662.57,0.0,47.84,662.57,47.84,614.73,614.73
1158,1.0,815.07,0.0,99.37,815.07,99.37,715.7,715.7
1159,1.0,876.98,0.0,142.2,876.98,142.2,734.78,734.78
1160,1.0,588.0,0.0,39.85,588.0,39.85,548.15,548.15
1161,10.0,792.11,131.45,131.45,7921.1,1314.54,660.66,6606.56
1162,10.0,798.79,137.63,137.63,7987.9,1376.26,661.16,6611.64
1163,1.0,984.15,203.69,203.69,984.15,203.69,780.46,780.46
1164,1.0,699.47,126.29,126.29,699.47,126.29,573.18,573.18
1165,3.0,705.5,127.62,127.62,2116.5,382.87,577.88,1733.63
1166,6.0,2895.47,1119.39,1119.39,17372.82,6716.37,1776.08,10656.45
1167,1.0,670.69,331.33,331.33,670.69,331.33,339.36,339.36
1168,1.0,1466.21,379.55,379.55,1466.21,379.55,1086.66,1086.66
1169,6.0,1026.8,82.34,82.34,6160.8,494.02,944.46,5666.78
1170,6.0,1165.0,245.96,245.96,6990.0,1475.75,919.04,5514.25
1171,1.0,485.0,67.84,67.84,485.0,67.84,417.16,417.16
1172,2.0,5765.49,2496.65,2496.65,11530.98,4993.3,3268.84,6537.68
1173,11.0,3890.0,982.4,982.4,3911.1,10806.45,2907.6,3089.3
1174,5.0,720.0,130.12,130.12,3600.0,650.58,589.88,2949.42
1175,6.0,195.0,78.68,78.68,1170.0,472.05,116.32,697.95
1176,1.0,1018.0,414.84,414.84,1018.0,414.84,603.16,603.16
1177,2.0,1018.0,414.84,414.84,2036.0,829.67,603.16,1206.33
1178,1.0,906.05,117.24,117.24,906.05,117.24,788.81,788.81
1179,1.0,609.84,173.0,173.0,609.84,173.0,436.84,436.84
1180,1.0,813.1,222.0,222.0,813.1,222.0,591.1,591.1
1181,1.0,353.45,57.6,57.6,353.45,57.6,295.85,295.85
1182,2.0,925.0,218.33,218.33,1850.0,436.67,706.67,1413.34
1183,1.0,805.5,57.07,57.07,805.5,57.07,748.43,748.43
1184,8.0,553.0,0.0,96.96,4424.0,775.7,456.04,3648.3
1185,5.0,840.0,0.0,160.02,4200.0,800.11,679.98,3399.89
1186,2.0,4769.0,1931.62,1931.62,9538.0,3863.23,2837.38,5674.77
1187,3.0,565.4,90.42,90.42,1696.2,271.25,474.98,1424.95
1188,12.0,1219.74,251.37,251.37,14636.88,3016.4,968.37,11620.48
1189,6.0,1022.67,213.77,213.77,6136.02,1282.59,808.9,4853.43
1190,10.0,1386.16,291.33,291.33,13861.6,2913.27,1094.83,10948.33
1191,1.0,790.0,89.76,89.76,790.0,89.76,700.24,700.24
1192,1.0,790.0,72.34,72.34,790.0,72.34,717.66,717.66
1193,1.0,852.0,150.44,150.44,852.0,150.44,701.56,701.56
1194,1.0,755.0,53.71,53.71,755.0,53.71,701.29,701.29
1195,1.0,852.0,108.81,108.81,852.0,108.81,743.19,743.19
1196,3.0,2400.0,472.22,472.22,7200.0,1416.65,1927.78,5783.35
1197,1.0,620.2,170.55,170.55,620.2,170.55,449.65,449.65
1198,2.0,1642.35,0.0,463.36,3284.7,926.71,1178.99,2357.99
1199,1.0,8121.2,0.0,3280.08,8121.2,3280.08,4841.12,4841.12
1200,1.0,742.45,166.83,166.83,742.45,166.83,575.62,575.62
1201,1.0,1208.25,93.2,93.2,1208.25,93.2,1115.05,1115.05
1202,1.0,1208.25,93.2,93.2,1208.25,93.2,1115.05,1115.05
1203,8.0,2529.4,663.12,663.12,20235.2,5304.97,1866.28,14930.23
1204,4.0,608.36,0.0,44.13,2433.44,176.5,564.24,2256.94
1205,4.0,636.38,0.0,42.57,2545.52,170.28,593.81,2375.24
1206,2.0,1070.6,0.0,175.33,2141.2,350.67,895.27,1790.53
1207,4.0,462.0,300.0,300.0,1848.0,1200.0,162.0,648.0
1208,2.0,125.0,48.2,48.2,250.0,96.4,76.8,153.61
1209,2.0,545.0,0.0,38.42,1090.0,76.84,506.58,1013.16
1210,2.0,585.0,53.33,53.33,1170.0,106.65,531.67,1063.35
1211,2.0,488.0,126.71,126.71,976.0,253.43,361.29,722.57
1212,6.0,1098.74,235.35,235.35,6592.44,1412.1,863.39,5180.34
1213,1.0,1177.25,277.2,277.2,1177.25,277.2,900.05,900.05
1214,1.0,601.5,145.23,145.23,601.5,145.23,456.27,456.27
1215,1.0,5901.45,1047.18,1047.18,5901.45,1047.18,4854.27,4854.27
1216,2.0,691.7,265.64,265.64,1383.4,531.27,426.06,852.13
1217,4.0,521.04,205.2,205.2,2084.16,820.82,315.84,1263.34
1218,4.0,350.41,125.68,125.68,1401.64,502.72,224.73,898.92
1219,2.0,378.26,99.22,99.22,756.52,198.45,279.04,558.07
1220,20.0,132.06,0.0,21.33,2641.2,426.55,110.73,2214.65
1221,1.0,155.0,78.68,78.68,155.0,78.68,76.32,76.32
1222,1.0,4769.0,1931.62,1931.62,4769.0,1931.62,2837.38,2837.38
1223,1.0,745.69,78.38,78.38,745.69,78.38,667.31,667.31
1224,1.0,1089.35,332.12,332.12,1089.35,332.12,757.23,757.23
1225,1.0,1089.35,332.12,332.12,1089.35,332.12,757.23,757.23
1226,4.0,1188.0,1721.28,1721.28,3911.1,6885.12,974.4,3089.3
1227,1.0,768.5,63.09,63.09,768.5,63.09,705.41,705.41
1228,2.0,155.0,62.95,62.95,310.0,125.91,92.05,184.09
1229,2.0,623.37,69.55,69.55,1246.74,139.11,553.82,1107.63
1230,1.0,153.25,62.95,62.95,153.25,62.95,90.3,90.3
1231,2.0,691.68,265.64,265.64,1383.36,531.27,426.04,852.09
1232,1.0,429.25,81.99,81.99,429.25,81.99,347.26,347.26
1233,6.0,986.0,0.0,235.75,5916.0,1414.5,750.25,4501.5
1234,4.0,545.0,63.37,63.37,2180.0,253.47,481.63,1926.53
1235,1.0,1075.31,521.55,521.55,1075.31,521.55,553.76,553.76
1236,15.0,175.31,76.08,76.08,2629.65,1141.15,99.23,1488.5
1237,3.0,611.8,211.36,211.36,1835.4,634.09,400.44,1201.31
1238,1.0,9499.6,0.0,544.48,9499.6,544.48,8955.12,8955.12
1239,1.0,155.0,62.95,62.95,155.0,62.95,92.05,92.05
1240,1.0,120.0,48.2,48.2,120.0,48.2,71.8,71.8
1241,6.0,753.5,127.11,127.11,4521.0,762.68,626.39,3758.32
1242,2.0,812.93,0.0,145.02,1625.86,290.03,667.91,1335.83
1243,1.0,1364.0,0.0,0.0,1364.0,0.0,1364.0,1364.0
1244,4.0,155.0,62.95,62.95,620.0,251.81,92.05,368.19
1245,10.0,792.11,131.45,131.45,7921.1,1314.54,660.66,6606.56
1246,7.0,798.79,137.63,137.63,5591.53,963.38,661.16,4628.15
1247,3.5,984.15,0.0,203.69,24603.75,5092.2,780.46,19511.55
1248,1.0,699.47,126.29,126.29,699.47,126.29,573.18,573.18
1249,4.0,669.55,98.82,98.82,2678.2,395.3,570.73,2282.9
1250,4.0,669.55,112.34,112.34,2678.2,449.36,557.21,2228.84
1251,6.0,669.55,99.83,99.83,4017.3,598.95,569.72,3418.35
1252,2.0,2481.59,0.0,0.0,4963.18,0.0,2481.59,4963.18
1253,1.0,1188.0,0.2,0.2,17450.0,0.2,974.4,17449.8
1254,2.0,155.0,51.36,51.36,310.0,102.71,103.64,207.29
1255,2.0,190.0,68.2,68.2,380.0,136.41,121.8,243.59
1256,2.0,2566.15,1164.2,1164.2,5132.3,2328.4,1401.95,2803.9
1257,4.0,2042.41,0.0,663.74,8169.64,2654.96,1378.67,5514.68
1258,1.0,486.0,18.45,18.45,486.0,18.45,467.55,467.55
1259,2.0,1532.05,339.91,339.91,3064.1,679.81,1192.14,2384.29
1260,3.0,4810.0,0.0,442.5,14430.0,1327.51,4367.5,13102.49
1261,11.0,1800.18,676.87,676.87,19801.98,7445.6,1123.31,12356.38
1262,1.0,462.0,278.0,278.0,462.0,278.0,184.0,184.0
1263,1.0,325.0,96.83,96.83,325.0,96.83,228.17,228.17
1264,1.0,635.97,89.76,89.76,635.97,89.76,546.21,546.21
1265,1.0,730.17,72.34,72.34,730.17,72.34,657.83,657.83
1266,1.0,439.66,420.67,420.67,439.66,420.67,18.99,18.99
1267,4.0,2359.7,401.65,401.65,9438.8,1606.58,1958.05,7832.22
1268,2.0,976.0,385.09,385.09,1952.0,770.19,590.91,1181.81
1269,20.0,1475.3,316.19,316.19,29506.0,6323.81,1159.11,23182.19
1270,1.0,900.0,0.0,0.0,900.0,0.0,900.0,900.0
1271,1.0,945.0,518.43,518.43,945.0,518.43,426.57,426.57
1272,12.0,2914.4,469.53,931.02,17486.4,5553.94,1983.38,11932.46
1273,3.0,951.04,208.88,208.88,2853.12,626.65,742.16,2226.47
1274,5.0,120.0,0.0,67.57,600.0,337.86,52.43,262.14
1275,3.0,1086.48,67.56,67.56,3259.44,202.67,1018.92,3056.77
1276,2.0,315.0,57.6,57.6,630.0,115.2,257.4,514.8
1277,2.0,1188.0,0.0,4604.19,25000.0,9208.38,7895.81,15791.62
1278,1.0,1417.1,0.0,408.31,1417.1,408.31,1008.79,1008.79
1279,6.0,720.0,129.7,129.7,4320.0,778.18,590.3,3541.82
1280,2.0,863.14,257.11,257.11,1726.28,514.21,606.03,1212.07
1281,5.0,650.0,325.78,325.78,3250.0,1628.92,324.22,1621.08
1282,5.0,825.0,332.9,332.9,4125.0,1664.51,492.1,2460.49
1283,1.0,610.0,197.83,197.83,610.0,197.83,412.17,412.17
1284,1.0,610.0,178.15,178.15,610.0,178.15,431.85,431.85
1285,1.0,610.0,171.15,171.15,610.0,171.15,438.85,438.85
1286,1.0,120.13,48.2,48.2,120.13,48.2,71.93,71.93
1287,1.0,165.51,48.1,48.1,165.51,48.1,117.41,117.41
1288,1.0,1188.0,0.0,654.34,27808.0,654.34,974.4,27153.66
1289,2.0,519.0,78.24,78.24,1038.0,156.48,440.76,881.52
1290,2.0,993.12,42.65,42.65,1986.24,85.31,950.47,1900.93
1291,6.0,1366.13,394.88,394.88,8196.78,2369.31,971.25,5827.47
1292,6.0,1545.0,0.0,89.98,9270.0,539.86,1455.02,8730.14
1293,3.0,983.0,129.28,129.28,2949.0,387.85,853.72,2561.16
1294,1.0,435.72,153.85,153.85,435.72,153.85,281.87,281.87
1295,10.0,1699.0,0.0,251.47,16990.0,2514.71,1447.53,14475.29
1296,1.0,1188.0,0.0,277.5,14000.0,277.5,13722.5,13722.5
1297,1.0,6591.1,1541.46,1541.46,6591.1,1541.46,5049.64,5049.64
1298,1.0,1289.0,519.45,519.45,1289.0,519.45,769.55,769.55
1299,2.0,862.5,331.49,331.49,1725.0,662.99,531.01,1062.01
1300,1.0,462.0,153.85,153.85,462.0,153.85,308.15,308.15
1301,1.0,1223.38,264.62,264.62,1223.38,264.62,958.76,958.76
1302,3.0,1045.31,199.05,199.05,3135.93,597.15,846.26,2538.78
1303,3.0,1270.84,0.0,330.66,3812.52,991.99,940.18,2820.53
1304,2.0,669.0,97.49,97.49,1338.0,194.99,571.51,1143.01
1305,2.0,125.0,48.2,48.2,250.0,96.4,76.8,153.61
1306,2.0,155.0,63.31,63.31,310.0,126.62,91.69,183.38
1307,1.0,190.0,65.16,65.16,190.0,65.16,124.84,124.84
1308,5.0,561.7,0.0,61.77,2808.5,308.87,499.93,2499.63
1309,5.0,542.65,0.0,51.49,2713.25,257.43,491.16,2455.82
1310,10.0,485.0,144.4,144.4,4850.0,1444.0,340.6,3406.0
1311,2.0,315.0,57.6,57.6,630.0,115.2,257.4,514.8
1312,8.0,1056.55,336.58,336.58,8452.4,2692.66,719.97,5759.74
1313,1.0,2665.0,1318.1,1318.1,2665.0,1318.1,1346.9,1346.9
1314,2.0,717.87,331.49,331.49,1435.74,662.99,386.37,772.75
1315,2.0,691.7,186.16,186.16,1383.4,372.32,505.54,1011.08
1316,2.0,521.04,205.2,205.2,1042.08,410.41,315.84,631.67
1317,4.0,350.41,125.68,125.68,1401.64,502.72,224.73,898.92
1318,4.0,3788.69,0.0,120.76,15154.76,483.02,3667.93,14671.74
1319,1.0,125.0,48.2,48.2,125.0,48.2,76.8,76.8
1320,5.0,1188.0,485.13,1044.55,24952.75,2499.93,8936.55,22452.82
1321,1.0,958.3,157.64,157.64,958.3,157.64,800.66,800.66
1322,1.0,802.0,63.9,63.9,802.0,63.9,738.1,738.1
1323,1.0,5309.11,1292.27,1292.27,5309.11,1292.27,4016.84,4016.84
1324,2.0,696.0,30.45,30.45,1392.0,60.89,665.55,1331.11
1325,8.0,1801.38,996.4,996.4,7205.52,3985.6,804.98,3219.92
1326,4.0,2360.0,0.0,961.36,9440.0,3845.43,1398.64,5594.57
1327,20.0,1800.18,0.0,592.18,3911.1,11843.56,1208.0,24160.04
1328,6.0,3890.0,936.33,936.33,23340.0,5618.0,2953.67,17722.0
1329,6.0,3890.0,0.0,1133.81,23340.0,6802.89,2756.19,16537.11
1330,10.0,195.0,0.0,88.63,1950.0,886.28,106.37,1063.72
1331,2.0,728.43,0.0,168.53,1456.86,337.07,559.9,1119.79
1332,20.0,1475.3,301.31,301.31,29506.0,6026.11,1173.99,23479.89
1333,1.0,1318.7,919.68,919.68,1318.7,919.68,399.02,399.02
1334,1.0,1009.65,286.34,286.34,1009.65,286.34,723.31,723.31
1335,1.0,827.59,227.18,227.18,827.59,227.18,600.41,600.41
1336,1.0,873.75,137.33,137.33,873.75,137.33,736.42,736.42
1337,1.0,735.0,139.65,139.65,735.0,139.65,595.35,595.35
1338,6.0,2177.5,280.14,280.14,13065.0,1680.81,1897.36,11384.19
1339,6.0,1545.0,89.98,89.98,9270.0,539.86,1455.02,8730.14
1340,1.0,2220.7,448.24,448.24,2220.7,448.24,1772.46,1772.46
1341,2.0,3643.7,0.0,0.0,7287.4,0.0,3643.7,7287.4
1342,9.0,1512.12,0.0,0.0,13609.08,0.0,1512.12,13609.08
1343,1.0,1800.69,328.36,328.36,1800.69,328.36,1472.33,1472.33
1344,1.0,1158.51,78.25,78.25,1158.51,78.25,1080.26,1080.26
1345,8.0,909.56,0.0,253.9,7276.48,2031.23,655.66,5245.25
1346,4.0,955.38,158.36,158.36,3821.52,633.45,797.02,3188.07
1347,8.0,710.0,96.96,96.96,5680.0,775.7,613.04,4904.3
1348,1.0,1385.5,140.88,140.88,1385.5,140.88,1244.62,1244.62
1349,10.0,123.0,21.39,21.39,1230.0,213.85,101.61,1016.15
1350,6.0,980.0,301.12,301.12,5880.0,1806.71,678.88,4073.29
1351,9.0,980.0,299.53,299.53,8820.0,2695.79,680.47,6124.21
1352,1.0,1130.5,499.2,499.2,1130.5,499.2,631.3,631.3
1353,3.0,155.0,79.01,79.01,465.0,237.03,75.99,227.97
1354,6.0,620.35,0.0,127.06,3722.1,762.35,493.29,2959.75
1355,1.0,1188.0,0.0,0.0,13688.0,0.0,13688.0,13688.0
1356,1.0,2220.7,293.13,293.13,2220.7,293.13,1927.57,1927.57
1357,1.0,1121.7,0.0,291.13,1121.7,291.13,830.57,830.57
1358,1.0,1302.15,0.0,196.44,1302.15,196.44,1105.71,1105.71
1359,2.0,485.0,144.4,144.4,970.0,288.8,340.6,681.2
1360,1.0,1188.0,1734.88,1734.88,18482.78,1734.88,974.4,16747.9
1361,3.5,1457.2,0.0,461.49,3911.1,11537.18,995.71,24892.82
1362,10.0,123.0,21.39,21.39,1230.0,213.85,101.61,1016.15
1363,4.0,2056.2,466.2,466.2,8224.8,1864.79,1590.0,6360.01
1364,1.0,315.0,57.6,57.6,315.0,57.6,257.4,257.4
1365,20.0,1475.3,315.59,315.59,29506.0,6311.82,1159.71,23194.18
1366,10.0,355.0,119.05,119.05,3550.0,1190.47,235.95,2359.53
1367,3.0,1385.9,0.0,0.0,4157.7,0.0,1385.9,4157.7
1368,10.0,1613.26,668.13,668.13,16132.6,6681.26,945.13,9451.34
1369,4.0,420.0,37.65,37.65,1680.0,150.59,382.35,1529.41
1370,2.0,1166.63,0.0,360.2,2333.26,720.39,806.43,1612.87
1371,2.0,576.65,0.0,366.62,1153.3,733.23,210.03,420.07
1372,1.0,485.0,144.4,144.4,485.0,144.4,340.6,340.6
1373,3.0,315.0,57.6,57.6,945.0,172.8,257.4,772.2
1374,1.0,3045.5,0.0,0.0,3045.5,0.0,3045.5,3045.5
1375,1.0,689.63,227.18,227.18,689.63,227.18,462.44,462.44
1376,4.0,3416.0,222.14,222.14,6832.0,444.27,3193.86,6387.73
1377,1.0,815.0,222.0,222.0,815.0,222.0,593.0,593.0
1378,3.0,1449.3,454.72,454.72,4347.9,1364.17,994.58,2983.73
1379,6.0,395.29,97.49,97.49,2371.74,584.96,297.8,1786.78
1380,4.0,266.0,97.3,97.3,1064.0,389.19,168.7,674.81
1381,4.0,655.5,306.53,306.53,2622.0,1226.13,348.97,1395.87
1382,1.0,1435.2,0.0,355.52,1435.2,355.52,1079.68,1079.68
1383,1.0,2278.45,414.88,414.88,2278.45,414.88,1863.57,1863.57
1384,2.0,1110.0,0.0,83.4,2220.0,166.8,1026.6,2053.2
1385,4.0,2056.2,0.0,586.32,8224.8,2345.29,1469.88,5879.51
1386,6.0,3053.25,828.0,828.0,18319.5,4968.0,2225.25,13351.5
1387,5.0,4810.0,0.0,442.5,24050.0,2212.51,4367.5,21837.49
1388,2.0,976.0,360.7,360.7,1952.0,721.39,615.3,1230.61
1389,1.0,3730.0,1311.27,1311.27,3730.0,1311.27,2418.73,2418.73
1390,5.0,3053.25,773.21,773.21,15266.25,3866.04,2280.04,11400.21
1391,12.0,3090.0,89.98,179.95,18540.0,1079.71,2910.05,17460.29
1392,1.0,410.0,57.6,57.6,410.0,57.6,352.4,352.4
1393,1.0,1188.0,0.0,2335.2,11809.98,2335.2,9474.78,9474.78
1394,6.0,2494.8,0.0,620.47,14968.8,3722.84,1874.33,11245.96
1395,2.0,700.0,0.0,325.78,1400.0,651.57,374.22,748.43
1396,3.0,478.0,0.0,66.31,1434.0,198.93,411.69,1235.07
1397,3.5,792.11,131.45,131.45,20594.86,3417.8,660.66,17177.06
1398,10.0,798.79,137.63,137.63,7987.9,1376.26,661.16,6611.64
1399,5.0,729.57,0.0,232.01,3647.85,1160.05,497.56,2487.8
1400,5.0,737.62,236.2,236.2,3688.1,1181.01,501.42,2507.09
1401,10.0,1357.5,0.0,405.55,13575.0,4055.46,951.95,9519.54
1402,1.0,1325.07,0.0,0.0,1325.07,0.0,1325.07,1325.07
1403,16.0,1981.88,0.0,333.62,3911.1,5337.9,1648.26,26372.18
1404,2.0,3730.0,0.0,696.46,7460.0,1392.92,3033.54,6067.08
1405,10.0,488.0,107.33,107.33,4880.0,1073.25,380.67,3806.75
1406,4.0,759.0,0.0,681.52,3036.0,2726.1,77.48,309.9
1407,1.0,5668.99,0.0,1319.88,5668.99,1319.88,4349.11,4349.11
1408,1.0,2300.0,0.0,99.68,2300.0,99.68,2200.32,2200.32
1409,6.0,2959.68,0.0,1186.76,17758.08,7120.54,1772.92,10637.54
1410,2.0,732.0,0.0,317.5,1464.0,635.0,414.5,829.0
1411,1.0,1000.0,226.23,226.23,1000.0,226.23,773.77,773.77
1412,1.0,1188.0,191.8,4579.08,12500.0,4579.08,7920.92,7920.92
1413,5.0,1897.27,78.09,78.09,9486.35,390.43,1819.18,9095.92
1414,3.0,510.0,51.16,51.16,1530.0,153.49,458.84,1376.51
1415,6.0,1888.0,0.0,294.5,11328.0,1767.02,1593.5,9560.98
1416,3.0,439.15,0.0,123.21,1317.45,369.62,315.94,947.83
1417,2.0,925.82,65.31,65.31,1851.64,130.63,860.51,1721.01
1418,2.0,1910.5,286.13,286.13,3821.0,572.25,1624.37,3248.75
1419,2.0,2020.42,421.91,421.91,4040.84,843.82,1598.51,3197.02
1420,2.0,1177.07,477.16,477.16,2354.14,954.32,699.91,1399.82
1421,6.0,712.0,102.31,102.31,4272.0,613.88,609.69,3658.12
1422,6.0,718.6,104.69,104.69,4311.6,628.12,613.91,3683.48
1423,3.0,2182.35,0.0,596.55,6547.05,1789.64,1585.8,4757.41
1424,1.0,5909.84,1884.35,1884.35,5909.84,1884.35,4025.49,4025.49
1425,10.0,1406.0,0.0,80.66,14060.0,806.55,1325.34,13253.45
